-- MySQL dump 10.13  Distrib 8.0.22, for Linux (x86_64)
--
-- Host: localhost    Database: phil
-- ------------------------------------------------------
-- Server version	8.0.22-0ubuntu0.20.04.3

/*!40101 SET @OLD_CHARACTER_SET_CLIENT=@@CHARACTER_SET_CLIENT */;
/*!40101 SET @OLD_CHARACTER_SET_RESULTS=@@CHARACTER_SET_RESULTS */;
/*!40101 SET @OLD_COLLATION_CONNECTION=@@COLLATION_CONNECTION */;
/*!50503 SET NAMES utf8mb4 */;
/*!40103 SET @OLD_TIME_ZONE=@@TIME_ZONE */;
/*!40103 SET TIME_ZONE='+00:00' */;
/*!40014 SET @OLD_UNIQUE_CHECKS=@@UNIQUE_CHECKS, UNIQUE_CHECKS=0 */;
/*!40014 SET @OLD_FOREIGN_KEY_CHECKS=@@FOREIGN_KEY_CHECKS, FOREIGN_KEY_CHECKS=0 */;
/*!40101 SET @OLD_SQL_MODE=@@SQL_MODE, SQL_MODE='NO_AUTO_VALUE_ON_ZERO' */;
/*!40111 SET @OLD_SQL_NOTES=@@SQL_NOTES, SQL_NOTES=0 */;

--
-- Table structure for table `auth_group`
--

DROP TABLE IF EXISTS `auth_group`;
/*!40101 SET @saved_cs_client     = @@character_set_client */;
/*!50503 SET character_set_client = utf8mb4 */;
CREATE TABLE `auth_group` (
  `id` int NOT NULL AUTO_INCREMENT,
  `name` varchar(150) NOT NULL,
  PRIMARY KEY (`id`),
  UNIQUE KEY `name` (`name`)
) ENGINE=InnoDB DEFAULT CHARSET=utf8;
/*!40101 SET character_set_client = @saved_cs_client */;

--
-- Dumping data for table `auth_group`
--

LOCK TABLES `auth_group` WRITE;
/*!40000 ALTER TABLE `auth_group` DISABLE KEYS */;
/*!40000 ALTER TABLE `auth_group` ENABLE KEYS */;
UNLOCK TABLES;

--
-- Table structure for table `auth_group_permissions`
--

DROP TABLE IF EXISTS `auth_group_permissions`;
/*!40101 SET @saved_cs_client     = @@character_set_client */;
/*!50503 SET character_set_client = utf8mb4 */;
CREATE TABLE `auth_group_permissions` (
  `id` int NOT NULL AUTO_INCREMENT,
  `group_id` int NOT NULL,
  `permission_id` int NOT NULL,
  PRIMARY KEY (`id`),
  UNIQUE KEY `auth_group_permissions_group_id_permission_id_0cd325b0_uniq` (`group_id`,`permission_id`),
  KEY `auth_group_permissio_permission_id_84c5c92e_fk_auth_perm` (`permission_id`),
  CONSTRAINT `auth_group_permissio_permission_id_84c5c92e_fk_auth_perm` FOREIGN KEY (`permission_id`) REFERENCES `auth_permission` (`id`),
  CONSTRAINT `auth_group_permissions_group_id_b120cbf9_fk_auth_group_id` FOREIGN KEY (`group_id`) REFERENCES `auth_group` (`id`)
) ENGINE=InnoDB DEFAULT CHARSET=utf8;
/*!40101 SET character_set_client = @saved_cs_client */;

--
-- Dumping data for table `auth_group_permissions`
--

LOCK TABLES `auth_group_permissions` WRITE;
/*!40000 ALTER TABLE `auth_group_permissions` DISABLE KEYS */;
/*!40000 ALTER TABLE `auth_group_permissions` ENABLE KEYS */;
UNLOCK TABLES;

--
-- Table structure for table `auth_permission`
--

DROP TABLE IF EXISTS `auth_permission`;
/*!40101 SET @saved_cs_client     = @@character_set_client */;
/*!50503 SET character_set_client = utf8mb4 */;
CREATE TABLE `auth_permission` (
  `id` int NOT NULL AUTO_INCREMENT,
  `name` varchar(255) NOT NULL,
  `content_type_id` int NOT NULL,
  `codename` varchar(100) NOT NULL,
  PRIMARY KEY (`id`),
  UNIQUE KEY `auth_permission_content_type_id_codename_01ab375a_uniq` (`content_type_id`,`codename`),
  CONSTRAINT `auth_permission_content_type_id_2f476e4b_fk_django_co` FOREIGN KEY (`content_type_id`) REFERENCES `django_content_type` (`id`)
) ENGINE=InnoDB AUTO_INCREMENT=53 DEFAULT CHARSET=utf8;
/*!40101 SET character_set_client = @saved_cs_client */;

--
-- Dumping data for table `auth_permission`
--

LOCK TABLES `auth_permission` WRITE;
/*!40000 ALTER TABLE `auth_permission` DISABLE KEYS */;
INSERT INTO `auth_permission` VALUES (1,'Can add permission',1,'add_permission'),(2,'Can change permission',1,'change_permission'),(3,'Can delete permission',1,'delete_permission'),(4,'Can view permission',1,'view_permission'),(5,'Can add group',2,'add_group'),(6,'Can change group',2,'change_group'),(7,'Can delete group',2,'delete_group'),(8,'Can view group',2,'view_group'),(9,'Can add user',3,'add_user'),(10,'Can change user',3,'change_user'),(11,'Can delete user',3,'delete_user'),(12,'Can view user',3,'view_user'),(13,'Can add content type',4,'add_contenttype'),(14,'Can change content type',4,'change_contenttype'),(15,'Can delete content type',4,'delete_contenttype'),(16,'Can view content type',4,'view_contenttype'),(17,'Can add session',5,'add_session'),(18,'Can change session',5,'change_session'),(19,'Can delete session',5,'delete_session'),(20,'Can view session',5,'view_session'),(21,'Can add Админка - Настрока',6,'add_config'),(22,'Can change Админка - Настрока',6,'change_config'),(23,'Can delete Админка - Настрока',6,'delete_config'),(24,'Can view Админка - Настрока',6,'view_config'),(25,'Can add Админка - Задача',7,'add_tasks'),(26,'Can change Админка - Задача',7,'change_tasks'),(27,'Can delete Админка - Задача',7,'delete_tasks'),(28,'Can view Админка - Задача',7,'view_tasks'),(29,'Can add custom user',11,'add_customuser'),(30,'Can change custom user',11,'change_customuser'),(31,'Can delete custom user',11,'delete_customuser'),(32,'Can view custom user',11,'view_customuser'),(33,'Can add Стат.контет - Файл',12,'add_files'),(34,'Can change Стат.контет - Файл',12,'change_files'),(35,'Can delete Стат.контет - Файл',12,'delete_files'),(36,'Can view Стат.контет - Файл',12,'view_files'),(37,'Can add Стат.контент - Блоки',13,'add_blocks'),(38,'Can change Стат.контент - Блоки',13,'change_blocks'),(39,'Can delete Стат.контент - Блоки',13,'delete_blocks'),(40,'Can view Стат.контент - Блоки',13,'view_blocks'),(41,'Can add Стат.контент - Контейнеры',14,'add_containers'),(42,'Can change Стат.контент - Контейнеры',14,'change_containers'),(43,'Can delete Стат.контент - Контейнеры',14,'delete_containers'),(44,'Can view Стат.контент - Контейнеры',14,'view_containers'),(45,'Can add Стат.контент - Линковка меню к контейнерам',15,'add_linkcontainer'),(46,'Can change Стат.контент - Линковка меню к контейнерам',15,'change_linkcontainer'),(47,'Can delete Стат.контент - Линковка меню к контейнерам',15,'delete_linkcontainer'),(48,'Can view Стат.контент - Линковка меню к контейнерам',15,'view_linkcontainer'),(49,'Can add Перевод',16,'add_translate'),(50,'Can change Перевод',16,'change_translate'),(51,'Can delete Перевод',16,'delete_translate'),(52,'Can view Перевод',16,'view_translate');
/*!40000 ALTER TABLE `auth_permission` ENABLE KEYS */;
UNLOCK TABLES;

--
-- Table structure for table `auth_user`
--

DROP TABLE IF EXISTS `auth_user`;
/*!40101 SET @saved_cs_client     = @@character_set_client */;
/*!50503 SET character_set_client = utf8mb4 */;
CREATE TABLE `auth_user` (
  `id` int NOT NULL AUTO_INCREMENT,
  `password` varchar(128) NOT NULL,
  `last_login` datetime(6) DEFAULT NULL,
  `is_superuser` tinyint(1) NOT NULL,
  `username` varchar(150) NOT NULL,
  `first_name` varchar(30) NOT NULL,
  `last_name` varchar(150) NOT NULL,
  `email` varchar(254) NOT NULL,
  `is_staff` tinyint(1) NOT NULL,
  `is_active` tinyint(1) NOT NULL,
  `date_joined` datetime(6) NOT NULL,
  PRIMARY KEY (`id`),
  UNIQUE KEY `username` (`username`)
) ENGINE=InnoDB AUTO_INCREMENT=3 DEFAULT CHARSET=utf8;
/*!40101 SET character_set_client = @saved_cs_client */;

--
-- Dumping data for table `auth_user`
--

LOCK TABLES `auth_user` WRITE;
/*!40000 ALTER TABLE `auth_user` DISABLE KEYS */;
INSERT INTO `auth_user` VALUES (1,'pbkdf2_sha256$150000$EzJikwfaVajH$mqjgGHWdZlXzEOOhWOXWJR/JYzuy2nfwvezQHen4niY=','2021-01-04 16:09:36.227576',1,'jocker','','','dkramorov@mail.ru',1,1,'2020-12-06 15:05:34.448453'),(2,'pbkdf2_sha256$150000$iCkn9bMJpnMk$YUXtB1gS8aKTM5xkl7RDhNPHmVhXEzff5sarwcIud7U=','2021-01-15 16:19:38.155319',1,'phil','Ромка','Обухов','',1,1,'2020-12-07 01:22:55.516369');
/*!40000 ALTER TABLE `auth_user` ENABLE KEYS */;
UNLOCK TABLES;

--
-- Table structure for table `auth_user_groups`
--

DROP TABLE IF EXISTS `auth_user_groups`;
/*!40101 SET @saved_cs_client     = @@character_set_client */;
/*!50503 SET character_set_client = utf8mb4 */;
CREATE TABLE `auth_user_groups` (
  `id` int NOT NULL AUTO_INCREMENT,
  `user_id` int NOT NULL,
  `group_id` int NOT NULL,
  PRIMARY KEY (`id`),
  UNIQUE KEY `auth_user_groups_user_id_group_id_94350c0c_uniq` (`user_id`,`group_id`),
  KEY `auth_user_groups_group_id_97559544_fk_auth_group_id` (`group_id`),
  CONSTRAINT `auth_user_groups_group_id_97559544_fk_auth_group_id` FOREIGN KEY (`group_id`) REFERENCES `auth_group` (`id`),
  CONSTRAINT `auth_user_groups_user_id_6a12ed8b_fk_auth_user_id` FOREIGN KEY (`user_id`) REFERENCES `auth_user` (`id`)
) ENGINE=InnoDB DEFAULT CHARSET=utf8;
/*!40101 SET character_set_client = @saved_cs_client */;

--
-- Dumping data for table `auth_user_groups`
--

LOCK TABLES `auth_user_groups` WRITE;
/*!40000 ALTER TABLE `auth_user_groups` DISABLE KEYS */;
/*!40000 ALTER TABLE `auth_user_groups` ENABLE KEYS */;
UNLOCK TABLES;

--
-- Table structure for table `auth_user_user_permissions`
--

DROP TABLE IF EXISTS `auth_user_user_permissions`;
/*!40101 SET @saved_cs_client     = @@character_set_client */;
/*!50503 SET character_set_client = utf8mb4 */;
CREATE TABLE `auth_user_user_permissions` (
  `id` int NOT NULL AUTO_INCREMENT,
  `user_id` int NOT NULL,
  `permission_id` int NOT NULL,
  PRIMARY KEY (`id`),
  UNIQUE KEY `auth_user_user_permissions_user_id_permission_id_14a6b632_uniq` (`user_id`,`permission_id`),
  KEY `auth_user_user_permi_permission_id_1fbb5f2c_fk_auth_perm` (`permission_id`),
  CONSTRAINT `auth_user_user_permi_permission_id_1fbb5f2c_fk_auth_perm` FOREIGN KEY (`permission_id`) REFERENCES `auth_permission` (`id`),
  CONSTRAINT `auth_user_user_permissions_user_id_a95ead1b_fk_auth_user_id` FOREIGN KEY (`user_id`) REFERENCES `auth_user` (`id`)
) ENGINE=InnoDB DEFAULT CHARSET=utf8;
/*!40101 SET character_set_client = @saved_cs_client */;

--
-- Dumping data for table `auth_user_user_permissions`
--

LOCK TABLES `auth_user_user_permissions` WRITE;
/*!40000 ALTER TABLE `auth_user_user_permissions` DISABLE KEYS */;
/*!40000 ALTER TABLE `auth_user_user_permissions` ENABLE KEYS */;
UNLOCK TABLES;

--
-- Table structure for table `django_content_type`
--

DROP TABLE IF EXISTS `django_content_type`;
/*!40101 SET @saved_cs_client     = @@character_set_client */;
/*!50503 SET character_set_client = utf8mb4 */;
CREATE TABLE `django_content_type` (
  `id` int NOT NULL AUTO_INCREMENT,
  `app_label` varchar(100) NOT NULL,
  `model` varchar(100) NOT NULL,
  PRIMARY KEY (`id`),
  UNIQUE KEY `django_content_type_app_label_model_76bd3d3b_uniq` (`app_label`,`model`)
) ENGINE=InnoDB AUTO_INCREMENT=17 DEFAULT CHARSET=utf8;
/*!40101 SET character_set_client = @saved_cs_client */;

--
-- Dumping data for table `django_content_type`
--

LOCK TABLES `django_content_type` WRITE;
/*!40000 ALTER TABLE `django_content_type` DISABLE KEYS */;
INSERT INTO `django_content_type` VALUES (2,'auth','group'),(1,'auth','permission'),(3,'auth','user'),(4,'contenttypes','contenttype'),(12,'files','files'),(13,'flatcontent','blocks'),(14,'flatcontent','containers'),(15,'flatcontent','linkcontainer'),(16,'languages','translate'),(11,'login','customuser'),(8,'login','extrafields'),(10,'login','extrainfo'),(9,'login','extravalues'),(6,'main_functions','config'),(7,'main_functions','tasks'),(5,'sessions','session');
/*!40000 ALTER TABLE `django_content_type` ENABLE KEYS */;
UNLOCK TABLES;

--
-- Table structure for table `django_migrations`
--

DROP TABLE IF EXISTS `django_migrations`;
/*!40101 SET @saved_cs_client     = @@character_set_client */;
/*!50503 SET character_set_client = utf8mb4 */;
CREATE TABLE `django_migrations` (
  `id` int NOT NULL AUTO_INCREMENT,
  `app` varchar(255) NOT NULL,
  `name` varchar(255) NOT NULL,
  `applied` datetime(6) NOT NULL,
  PRIMARY KEY (`id`)
) ENGINE=InnoDB AUTO_INCREMENT=35 DEFAULT CHARSET=utf8;
/*!40101 SET character_set_client = @saved_cs_client */;

--
-- Dumping data for table `django_migrations`
--

LOCK TABLES `django_migrations` WRITE;
/*!40000 ALTER TABLE `django_migrations` DISABLE KEYS */;
INSERT INTO `django_migrations` VALUES (1,'contenttypes','0001_initial','2020-12-06 15:05:32.885854'),(2,'contenttypes','0002_remove_content_type_name','2020-12-06 15:05:32.963163'),(3,'auth','0001_initial','2020-12-06 15:05:33.123532'),(4,'auth','0002_alter_permission_name_max_length','2020-12-06 15:05:33.420493'),(5,'auth','0003_alter_user_email_max_length','2020-12-06 15:05:33.441130'),(6,'auth','0004_alter_user_username_opts','2020-12-06 15:05:33.449642'),(7,'auth','0005_alter_user_last_login_null','2020-12-06 15:05:33.475722'),(8,'auth','0006_require_contenttypes_0002','2020-12-06 15:05:33.477043'),(9,'auth','0007_alter_validators_add_error_messages','2020-12-06 15:05:33.483810'),(10,'auth','0008_alter_user_username_max_length','2020-12-06 15:05:33.505740'),(11,'auth','0009_alter_user_last_name_max_length','2020-12-06 15:05:33.529434'),(12,'auth','0010_alter_group_name_max_length','2020-12-06 15:05:33.549321'),(13,'auth','0011_update_proxy_permissions','2020-12-06 15:05:33.555954'),(14,'files','0001_initial','2020-12-06 15:05:33.592665'),(15,'files','0002_auto_20191203_2054','2020-12-06 15:05:33.651802'),(16,'files','0003_auto_20200112_1717','2020-12-06 15:05:33.661676'),(17,'files','0004_auto_20200402_2127','2020-12-06 15:05:33.684500'),(18,'files','0005_auto_20200809_1025','2020-12-06 15:05:33.689742'),(19,'flatcontent','0001_initial','2020-12-06 15:05:33.789666'),(20,'flatcontent','0002_auto_20190825_1730','2020-12-06 15:05:34.064986'),(21,'flatcontent','0003_auto_20191203_2054','2020-12-06 15:05:34.098845'),(22,'flatcontent','0004_blocks_html','2020-12-06 15:05:34.119900'),(23,'flatcontent','0005_auto_20200112_1717','2020-12-06 15:05:34.152250'),(24,'flatcontent','0006_auto_20200314_1638','2020-12-06 15:05:34.157468'),(25,'flatcontent','0007_auto_20200402_2127','2020-12-06 15:05:34.291772'),(26,'flatcontent','0008_containers_class_name','2020-12-06 15:05:34.322991'),(27,'login','0001_initial','2020-12-06 15:05:34.560287'),(28,'login','0002_auto_20200925_1007','2020-12-06 15:05:34.812187'),(29,'main_functions','0001_initial','2020-12-06 15:05:34.849209'),(30,'main_functions','0002_auto_20191203_2052','2020-12-06 15:05:34.869351'),(31,'main_functions','0003_auto_20200407_1845','2020-12-06 15:05:35.150781'),(32,'sessions','0001_initial','2020-12-06 15:05:35.249068'),(33,'flatcontent','0009_blocks_class_name','2020-12-08 12:14:37.554523'),(34,'languages','0001_initial','2020-12-21 13:53:48.080872');
/*!40000 ALTER TABLE `django_migrations` ENABLE KEYS */;
UNLOCK TABLES;

--
-- Table structure for table `django_session`
--

DROP TABLE IF EXISTS `django_session`;
/*!40101 SET @saved_cs_client     = @@character_set_client */;
/*!50503 SET character_set_client = utf8mb4 */;
CREATE TABLE `django_session` (
  `session_key` varchar(40) NOT NULL,
  `session_data` longtext NOT NULL,
  `expire_date` datetime(6) NOT NULL,
  PRIMARY KEY (`session_key`),
  KEY `django_session_expire_date_a5c62663` (`expire_date`)
) ENGINE=InnoDB DEFAULT CHARSET=utf8;
/*!40101 SET character_set_client = @saved_cs_client */;

--
-- Dumping data for table `django_session`
--

LOCK TABLES `django_session` WRITE;
/*!40000 ALTER TABLE `django_session` DISABLE KEYS */;
INSERT INTO `django_session` VALUES ('08nuz9dc2x9hakjix3zllrv57nzvoufl','OGYxYzFhMTk5OWU3YmQ5ZmE3YTIxOGQyYzY2MzkxN2RiMzRlYzllZjp7Il9hdXRoX3VzZXJfaWQiOiIxIiwiX2F1dGhfdXNlcl9iYWNrZW5kIjoiYXBwcy5sb2dpbi5iYWNrZW5kLk15QmFja2VuZCIsIl9hdXRoX3VzZXJfaGFzaCI6IjJiOTViMzRiNDJhOWM5NjdhNDNlMmZiMzViMTI4OTM2N2Q0Y2IxZDUifQ==','2020-12-20 15:29:33.456916'),('3zl165fasoibzuut2o6dytxymb1rbgrb','NTc3OTk0MTc3ZjIxNDM2M2E0YjE2Y2E0YjIyNDNhNTc3NzQ0NmJkODp7Il9hdXRoX3VzZXJfaWQiOiIyIiwiX2F1dGhfdXNlcl9iYWNrZW5kIjoiYXBwcy5sb2dpbi5iYWNrZW5kLk15QmFja2VuZCIsIl9hdXRoX3VzZXJfaGFzaCI6ImZkYzM4NWNiOWRlMzNmYWM3MDQzOGM3NTY0NTk4ZDY4YjM0YzhiNjQiLCJsYW5nIjoiY2hpIn0=','2021-01-29 17:14:27.438632'),('j5rj87lgk8zp3g46edn0srkjce0xkurc','NTc3OTk0MTc3ZjIxNDM2M2E0YjE2Y2E0YjIyNDNhNTc3NzQ0NmJkODp7Il9hdXRoX3VzZXJfaWQiOiIyIiwiX2F1dGhfdXNlcl9iYWNrZW5kIjoiYXBwcy5sb2dpbi5iYWNrZW5kLk15QmFja2VuZCIsIl9hdXRoX3VzZXJfaGFzaCI6ImZkYzM4NWNiOWRlMzNmYWM3MDQzOGM3NTY0NTk4ZDY4YjM0YzhiNjQiLCJsYW5nIjoiY2hpIn0=','2021-01-27 20:07:30.707563'),('j7irld6581nyark250s1s7wm5h5due0t','OGYxYzFhMTk5OWU3YmQ5ZmE3YTIxOGQyYzY2MzkxN2RiMzRlYzllZjp7Il9hdXRoX3VzZXJfaWQiOiIxIiwiX2F1dGhfdXNlcl9iYWNrZW5kIjoiYXBwcy5sb2dpbi5iYWNrZW5kLk15QmFja2VuZCIsIl9hdXRoX3VzZXJfaGFzaCI6IjJiOTViMzRiNDJhOWM5NjdhNDNlMmZiMzViMTI4OTM2N2Q0Y2IxZDUifQ==','2020-12-22 15:59:31.936723'),('mrp1d5xvbeokknjw6aciwtohatemjlzr','OGYxYzFhMTk5OWU3YmQ5ZmE3YTIxOGQyYzY2MzkxN2RiMzRlYzllZjp7Il9hdXRoX3VzZXJfaWQiOiIxIiwiX2F1dGhfdXNlcl9iYWNrZW5kIjoiYXBwcy5sb2dpbi5iYWNrZW5kLk15QmFja2VuZCIsIl9hdXRoX3VzZXJfaGFzaCI6IjJiOTViMzRiNDJhOWM5NjdhNDNlMmZiMzViMTI4OTM2N2Q0Y2IxZDUifQ==','2020-12-21 10:13:31.571322'),('o3chtyqaxrz1r12vfmyq7q1kgzj8re5q','OGYxYzFhMTk5OWU3YmQ5ZmE3YTIxOGQyYzY2MzkxN2RiMzRlYzllZjp7Il9hdXRoX3VzZXJfaWQiOiIxIiwiX2F1dGhfdXNlcl9iYWNrZW5kIjoiYXBwcy5sb2dpbi5iYWNrZW5kLk15QmFja2VuZCIsIl9hdXRoX3VzZXJfaGFzaCI6IjJiOTViMzRiNDJhOWM5NjdhNDNlMmZiMzViMTI4OTM2N2Q0Y2IxZDUifQ==','2020-12-24 18:30:35.231827'),('pk3dd7nyty7k1qk0m4oo40sxrtqcydre','NzYxZDI0ZmRlOWY0OGRhODRlMzdmYzNjZDZiMWE3NTViZTJkNDJhZjp7Il9hdXRoX3VzZXJfaWQiOiIxIiwiX2F1dGhfdXNlcl9iYWNrZW5kIjoiYXBwcy5sb2dpbi5iYWNrZW5kLk15QmFja2VuZCIsIl9hdXRoX3VzZXJfaGFzaCI6IjJiOTViMzRiNDJhOWM5NjdhNDNlMmZiMzViMTI4OTM2N2Q0Y2IxZDUiLCJsYW5nIjoiY2hpIn0=','2021-01-23 13:53:55.360118'),('sm4p2g8429myxh3h59t2wxmp7c80m7qj','OGYxYzFhMTk5OWU3YmQ5ZmE3YTIxOGQyYzY2MzkxN2RiMzRlYzllZjp7Il9hdXRoX3VzZXJfaWQiOiIxIiwiX2F1dGhfdXNlcl9iYWNrZW5kIjoiYXBwcy5sb2dpbi5iYWNrZW5kLk15QmFja2VuZCIsIl9hdXRoX3VzZXJfaGFzaCI6IjJiOTViMzRiNDJhOWM5NjdhNDNlMmZiMzViMTI4OTM2N2Q0Y2IxZDUifQ==','2020-12-30 17:37:31.630617'),('ur4udhe5mt52ke2mz4a7wmcioco76p3g','NTc3OTk0MTc3ZjIxNDM2M2E0YjE2Y2E0YjIyNDNhNTc3NzQ0NmJkODp7Il9hdXRoX3VzZXJfaWQiOiIyIiwiX2F1dGhfdXNlcl9iYWNrZW5kIjoiYXBwcy5sb2dpbi5iYWNrZW5kLk15QmFja2VuZCIsIl9hdXRoX3VzZXJfaGFzaCI6ImZkYzM4NWNiOWRlMzNmYWM3MDQzOGM3NTY0NTk4ZDY4YjM0YzhiNjQiLCJsYW5nIjoiY2hpIn0=','2021-01-06 14:40:22.183722');
/*!40000 ALTER TABLE `django_session` ENABLE KEYS */;
UNLOCK TABLES;

--
-- Table structure for table `files_files`
--

DROP TABLE IF EXISTS `files_files`;
/*!40101 SET @saved_cs_client     = @@character_set_client */;
/*!50503 SET character_set_client = utf8mb4 */;
CREATE TABLE `files_files` (
  `id` int NOT NULL AUTO_INCREMENT,
  `img` varchar(255) DEFAULT NULL,
  `created` datetime(6) NOT NULL,
  `updated` datetime(6) NOT NULL,
  `position` int DEFAULT NULL,
  `is_active` tinyint(1) NOT NULL,
  `state` int DEFAULT NULL,
  `parents` varchar(255) DEFAULT NULL,
  `name` varchar(255) DEFAULT NULL,
  `link` varchar(255) DEFAULT NULL,
  `desc` longtext,
  `mime` varchar(255) DEFAULT NULL,
  `path` varchar(255) DEFAULT NULL,
  PRIMARY KEY (`id`),
  KEY `files_files_created_18bb5ba5` (`created`),
  KEY `files_files_updated_98d0072e` (`updated`),
  KEY `files_files_position_9aa9a563` (`position`),
  KEY `files_files_is_active_368d94f0` (`is_active`),
  KEY `files_files_state_80db30e9` (`state`),
  KEY `files_files_parents_61383b35` (`parents`),
  KEY `files_files_name_2ed1b48d` (`name`),
  KEY `files_files_link_1e36fbb3` (`link`),
  KEY `files_files_mime_4444de1c` (`mime`),
  KEY `files_files_path_1ee40119` (`path`),
  KEY `files_files_img_fbfb9b0a` (`img`)
) ENGINE=InnoDB DEFAULT CHARSET=utf8;
/*!40101 SET character_set_client = @saved_cs_client */;

--
-- Dumping data for table `files_files`
--

LOCK TABLES `files_files` WRITE;
/*!40000 ALTER TABLE `files_files` DISABLE KEYS */;
/*!40000 ALTER TABLE `files_files` ENABLE KEYS */;
UNLOCK TABLES;

--
-- Table structure for table `flatcontent_blocks`
--

DROP TABLE IF EXISTS `flatcontent_blocks`;
/*!40101 SET @saved_cs_client     = @@character_set_client */;
/*!50503 SET character_set_client = utf8mb4 */;
CREATE TABLE `flatcontent_blocks` (
  `id` int NOT NULL AUTO_INCREMENT,
  `img` varchar(255) DEFAULT NULL,
  `created` datetime(6) NOT NULL,
  `updated` datetime(6) NOT NULL,
  `position` int DEFAULT NULL,
  `is_active` tinyint(1) NOT NULL,
  `state` int DEFAULT NULL,
  `parents` varchar(255) DEFAULT NULL,
  `name` varchar(255) DEFAULT NULL,
  `description` varchar(255) DEFAULT NULL,
  `link` varchar(255) DEFAULT NULL,
  `tag` varchar(255) DEFAULT NULL,
  `container_id` int DEFAULT NULL,
  `blank` tinyint(1) NOT NULL,
  `icon` varchar(255) DEFAULT NULL,
  `keywords` varchar(255) DEFAULT NULL,
  `title` varchar(255) DEFAULT NULL,
  `html` longtext,
  `class_name` varchar(255) DEFAULT NULL,
  PRIMARY KEY (`id`),
  KEY `flatcontent_blocks_created_ac8f728c` (`created`),
  KEY `flatcontent_blocks_updated_3b94570e` (`updated`),
  KEY `flatcontent_blocks_position_9d66f892` (`position`),
  KEY `flatcontent_blocks_is_active_013025f3` (`is_active`),
  KEY `flatcontent_blocks_state_370815a5` (`state`),
  KEY `flatcontent_blocks_parents_447361a3` (`parents`),
  KEY `flatcontent_blocks_name_f035fc87` (`name`),
  KEY `flatcontent_blocks_link_c5940f59` (`link`),
  KEY `flatcontent_blocks_tag_2d7989b3` (`tag`),
  KEY `flatcontent_blocks_container_id_5864baa1_fk_flatconte` (`container_id`),
  KEY `flatcontent_blocks_description_52726bac` (`description`),
  KEY `flatcontent_blocks_blank_b607b7e8` (`blank`),
  KEY `flatcontent_blocks_icon_22fe22b4` (`icon`),
  KEY `flatcontent_blocks_keywords_0363c2ad` (`keywords`),
  KEY `flatcontent_blocks_title_5b09011e` (`title`),
  KEY `flatcontent_blocks_img_876dc659` (`img`),
  KEY `flatcontent_blocks_class_name_b28da06f` (`class_name`),
  CONSTRAINT `flatcontent_blocks_container_id_5864baa1_fk_flatconte` FOREIGN KEY (`container_id`) REFERENCES `flatcontent_containers` (`id`)
) ENGINE=InnoDB AUTO_INCREMENT=603 DEFAULT CHARSET=utf8;
/*!40101 SET character_set_client = @saved_cs_client */;

--
-- Dumping data for table `flatcontent_blocks`
--

LOCK TABLES `flatcontent_blocks` WRITE;
/*!40000 ALTER TABLE `flatcontent_blocks` DISABLE KEYS */;
INSERT INTO `flatcontent_blocks` VALUES (1,'1.png','2020-12-06 15:28:44.652426','2020-12-08 12:44:39.442372',1,1,1,'','Логотип','design and endless ideas','/','logo',1,0,'','','','Infinity Ink - a Universe of endless ideas. We are a design studio with an unusual view on ordinary things. From here we set out to explore the mysteries of design. Design that helps you to really stand out.<br>',''),(2,NULL,'2020-12-06 15:28:44.656728','2020-12-29 18:07:44.060803',2,1,1,'','Телефон Китай','','tel:73952123321','phone',1,0,'','','','+86 134 29 020002',''),(3,NULL,'2020-12-06 15:28:44.660991','2021-01-09 12:15:30.164735',3,1,1,'','CHINA address','Our address','','address',1,0,'','','','CHINA<br>#225, Krspace, No.328 Huashan Road, Jingan District, Shanghai.&nbsp;<br> Post code: 200040<br>',''),(4,NULL,'2020-12-06 15:28:44.663594','2021-01-08 21:56:05.874149',4,1,1,'','Email china','Online Support','','email',1,0,'','','','info@infinityink.eu',''),(5,NULL,'2020-12-06 15:28:44.666013','2020-12-06 15:28:44.666030',5,1,3,'','Режим работы',NULL,NULL,'worktime',1,0,NULL,NULL,NULL,'пн-пт 9:00 - 18:00<br>сб-вс 10:00 - 17:00',NULL),(6,NULL,'2020-12-06 15:28:44.668630','2021-01-15 16:26:46.157516',6,1,1,'','Copyright','','','copyright',1,0,'','','','<p>© 2021 Infinity Ink</p>\r\n<p><a href=\"https://beian.miit.gov.cn/\">沪ICP备2021000011号-1</a></p>',''),(7,NULL,'2020-12-06 15:28:44.671258','2020-12-06 15:28:44.671276',7,1,3,'','Сообщества',NULL,NULL,'social',1,0,NULL,NULL,NULL,NULL,NULL),(8,NULL,'2020-12-06 15:28:44.673801','2020-12-06 15:28:44.673817',8,1,3,'_7','instagram',NULL,NULL,'instagram',1,1,'instagram',NULL,NULL,NULL,NULL),(9,NULL,'2020-12-06 15:28:44.676489','2020-12-06 15:28:44.676511',9,1,3,'_7','vk',NULL,NULL,'vk',1,1,'vk',NULL,NULL,NULL,NULL),(10,NULL,'2020-12-06 15:28:44.679271','2020-12-06 15:28:44.679291',10,1,3,'_7','facebook',NULL,NULL,'facebook',1,1,'facebook',NULL,NULL,NULL,NULL),(11,NULL,'2020-12-06 15:28:44.681897','2020-12-06 15:28:44.681917',11,1,3,'_7','twitter',NULL,NULL,'twitter',1,1,'twitter',NULL,NULL,NULL,NULL),(12,NULL,'2020-12-06 15:28:44.689053','2021-01-15 15:58:42.005678',1,1,4,'','Home','','/','_mainmenu_mainpage',2,0,'','','','',''),(13,NULL,'2020-12-06 15:28:44.692091','2021-01-12 11:02:03.859428',3,1,4,'','Portfolio','Look at out works','#portfolio','_mainmenu_catpage',2,0,'','','','If you have any questions, please, let us know about it<br>',''),(14,NULL,'2020-12-06 15:28:44.695615','2020-12-26 18:57:30.969206',14,1,4,'_13','Identity','','/portfolio/identity/','',2,0,'','','','',''),(15,NULL,'2020-12-06 15:28:44.698908','2021-01-09 15:53:25.722014',15,1,4,'_13','Illustration','','/portfolio/illustrations/','',2,0,'','','','',''),(16,NULL,'2020-12-06 15:28:44.702483','2020-12-29 18:24:38.181527',16,1,4,'_13','Toys','','/portfolio/toys/','',2,0,'','','','',''),(17,NULL,'2020-12-06 15:28:44.706091','2021-01-06 17:32:24.919245',17,1,4,'_13','Industrial','','/portfolio/industrial/','',2,0,'','','','',''),(18,NULL,'2020-12-06 15:28:44.708740','2020-12-23 11:56:58.087771',4,1,4,'','Services','','#simple_services','_mainmenu_aboutpage',2,0,'','','','',''),(19,NULL,'2020-12-06 15:28:44.711479','2020-12-23 11:57:12.219468',5,1,4,'','Design Application','','#','_mainmenu_servicespage',2,0,'','','','','custom-open-aside'),(20,NULL,'2020-12-06 15:28:44.714025','2020-12-23 11:57:26.523774',6,1,4,'','Contacts','','#simple_contacts','_mainmenu_feedbackpage',2,0,'','','','',''),(21,NULL,'2020-12-06 15:28:44.716584','2020-12-06 15:28:44.716606',21,1,4,'','Каталог',NULL,'/cat/','_bottommenu_catpage',3,0,NULL,NULL,NULL,NULL,NULL),(22,NULL,'2020-12-06 15:28:44.719947','2020-12-06 15:28:44.719968',22,1,4,'_21','Популярные товары',NULL,'/cat/populyarnye-tovary/','_bottommenu_catpage_popular',3,0,NULL,NULL,NULL,NULL,NULL),(23,NULL,'2020-12-06 15:28:44.723227','2020-12-06 15:28:44.723246',23,1,4,'_21','Новые товары',NULL,'/cat/novye-tovary/','_bottommenu_catpage_new',3,0,NULL,NULL,NULL,NULL,NULL),(24,NULL,'2020-12-06 15:28:44.726606','2020-12-06 15:28:44.726629',24,1,4,'_21','Товары со скидкой',NULL,'/cat/tovary-so-skidkoy/','_bottommenu_catpage_discount',3,0,NULL,NULL,NULL,NULL,NULL),(25,NULL,'2020-12-06 15:28:44.729982','2020-12-06 15:28:44.730003',25,1,4,'_21','Распродажа',NULL,'/cat/rasprodaja/','_bottommenu_catpage_sale',3,0,NULL,NULL,NULL,NULL,NULL),(26,NULL,'2020-12-06 15:28:44.732518','2020-12-06 15:28:44.732537',26,1,4,'','О нас',NULL,'/about/','_bottommenu_aboutpage',3,0,NULL,NULL,NULL,NULL,NULL),(27,NULL,'2020-12-06 15:28:44.735080','2020-12-06 15:28:44.735099',27,1,4,'','Услуги',NULL,'/services/','_bottommenu_servicespage',3,0,NULL,NULL,NULL,NULL,NULL),(28,NULL,'2020-12-06 15:28:44.737871','2020-12-06 15:28:44.737894',28,1,4,'','Контакты',NULL,'/feedback/','_bottommenu_feedbackpage',3,0,NULL,NULL,NULL,NULL,NULL),(29,NULL,'2020-12-06 17:18:27.178880','2020-12-23 11:41:43.823754',2,1,4,'','Our Team','','#team','',2,0,'','','','',''),(30,NULL,'2020-12-06 18:37:49.085895','2020-12-06 18:38:46.065752',29,1,1,'','Инфа с контактами','Get in touch','','get_in_touch',1,0,'','','','You can call us or send email, we will be happy answer on your questions<br>',NULL),(31,'31.png','2020-12-07 00:31:29.938958','2020-12-07 00:31:35.327916',30,1,1,'','About Infinity Ink','','','',4,0,'','','','Infinity Ink - a Universe of endless ideas.<br>We are a design studio with an unusual<br>view on ordinary things. From here we set<br>out to explore the mysteries of design.<br>Design that helps you to really stand out.<br><br>Since 2015, Infinity Ink has been successfully<br>solving various customer problems with the<br>help of design.<br><i>No nonsense. Just effective results.</i>',NULL),(32,'31.png','2020-12-07 00:49:00.010188','2021-01-06 13:39:06.151125',30,1,1,'','About Infinity Ink','','','',5,0,'','','','Infinity Ink - a Universe of endless ideas.<br>We are a design studio with an unusual<br>view on ordinary things. From here we set<br>out to explore the mysteries of design.<br>Design that helps you to really stand out.<br><br>Since 2015, Infinity Ink has been successfully<br>solving various customer problems with the<br>help of design.<br><i>No nonsense. Just effective results.</i>',''),(33,NULL,'2020-12-07 01:05:21.871968','2020-12-07 01:06:14.849853',31,1,1,'','Identity','24','','',6,0,'','','','',NULL),(34,NULL,'2020-12-07 01:05:42.416007','2020-12-07 01:06:33.369159',32,1,1,'','Illustration','15','','',6,0,'','','','',NULL),(35,NULL,'2020-12-07 01:05:45.901077','2020-12-07 01:07:14.138879',33,1,1,'','Toys','20','','',6,0,'','','','',NULL),(36,NULL,'2020-12-07 01:05:51.976889','2020-12-07 01:10:12.807317',34,1,1,'','Industrial','09','','',6,0,'','','','',NULL),(37,NULL,'2020-12-07 01:05:56.862369','2020-12-07 01:10:17.851124',35,1,1,'','Packaging','06','','',6,0,'','','','',NULL),(38,NULL,'2020-12-07 01:06:01.134484','2020-12-07 01:10:21.743372',36,1,1,'','Web','05','','',6,0,'','','','',NULL),(41,'41.jpg','2020-12-07 01:10:44.384111','2020-12-07 01:40:57.868995',39,1,1,'_33','RusCASA - real estate agency','','','',6,0,'','','','',NULL),(42,'42.jpg','2020-12-07 01:41:17.607376','2020-12-07 01:41:17.607396',40,1,1,'_33','Empy - pet accessories',NULL,NULL,NULL,6,0,NULL,NULL,NULL,NULL,NULL),(43,'43.jpg','2020-12-07 01:41:32.624090','2020-12-07 01:41:32.624108',41,1,1,'_33','SnimiSnami - video studio',NULL,NULL,NULL,6,0,NULL,NULL,NULL,NULL,NULL),(44,NULL,'2020-12-07 01:41:51.324117','2020-12-07 01:41:51.324137',42,1,1,'_33','Obro toys - wooden toys brand',NULL,NULL,NULL,6,0,NULL,NULL,NULL,NULL,NULL),(45,NULL,'2020-12-07 01:42:06.105733','2020-12-07 01:42:06.105755',43,1,1,'_33','Rugo doors - door manufacturer',NULL,NULL,NULL,6,0,NULL,NULL,NULL,NULL,NULL),(46,NULL,'2020-12-07 01:42:22.046177','2020-12-07 01:42:22.046198',44,1,1,'_33','Ural locomotives on Innoprom 2018',NULL,NULL,NULL,6,0,NULL,NULL,NULL,NULL,NULL),(47,NULL,'2020-12-07 01:42:36.670545','2020-12-07 01:42:36.670564',45,1,1,'_33','Marketing Agency - Market Entry Atelier',NULL,NULL,NULL,6,0,NULL,NULL,NULL,NULL,NULL),(48,NULL,'2020-12-07 01:42:49.686445','2020-12-07 01:42:49.686464',46,1,1,'_33','Instant noodles - \"Moodle\"',NULL,NULL,NULL,6,0,NULL,NULL,NULL,NULL,NULL),(49,NULL,'2020-12-07 01:43:03.551404','2020-12-07 01:43:03.551424',47,1,1,'_33','Novae - decoration manufacturer',NULL,NULL,NULL,6,0,NULL,NULL,NULL,NULL,NULL),(50,NULL,'2020-12-07 01:43:20.525886','2020-12-07 01:43:20.525907',48,1,1,'_33','Video Marketing',NULL,NULL,NULL,6,0,NULL,NULL,NULL,NULL,NULL),(51,NULL,'2020-12-07 01:43:34.698531','2020-12-07 01:43:34.698551',49,1,1,'_33','Baby shop - Ballet Bear',NULL,NULL,NULL,6,0,NULL,NULL,NULL,NULL,NULL),(52,NULL,'2020-12-07 01:43:47.142525','2020-12-07 01:43:47.142548',50,1,1,'_33','Bai advertising',NULL,NULL,NULL,6,0,NULL,NULL,NULL,NULL,NULL),(53,NULL,'2020-12-07 01:44:07.360384','2020-12-07 01:44:07.360413',51,1,1,'_33','\"Street Childhood\" - shop',NULL,NULL,NULL,6,0,NULL,NULL,NULL,NULL,NULL),(54,NULL,'2020-12-07 01:44:34.598643','2020-12-07 01:44:34.598664',52,1,1,'_33','FC \"Urumqi\" - concept',NULL,NULL,NULL,6,0,NULL,NULL,NULL,NULL,NULL),(55,NULL,'2020-12-07 01:45:02.014265','2020-12-07 01:45:02.014305',53,1,1,'_33','\"City-ride\" - shop logo',NULL,NULL,NULL,6,0,NULL,NULL,NULL,NULL,NULL),(56,NULL,'2020-12-07 01:45:13.227068','2020-12-07 01:45:13.227088',54,1,1,'_33','Bistro \"Hunan\"',NULL,NULL,NULL,6,0,NULL,NULL,NULL,NULL,NULL),(57,NULL,'2020-12-07 01:45:23.768755','2020-12-07 01:45:23.768776',55,1,1,'_33','Fashion boutique - Brand Collector',NULL,NULL,NULL,6,0,NULL,NULL,NULL,NULL,NULL),(58,NULL,'2020-12-07 01:45:37.628617','2020-12-07 01:45:37.628646',56,1,1,'_33','Contention agency',NULL,NULL,NULL,6,0,NULL,NULL,NULL,NULL,NULL),(59,NULL,'2020-12-07 01:45:50.175367','2020-12-07 01:45:50.175386',57,1,1,'_33','Fasteners and tools \"Yalida\"',NULL,NULL,NULL,6,0,NULL,NULL,NULL,NULL,NULL),(60,NULL,'2020-12-07 01:46:00.072373','2020-12-07 01:46:00.072392',58,1,1,'_33','Urban Developement',NULL,NULL,NULL,6,0,NULL,NULL,NULL,NULL,NULL),(61,NULL,'2020-12-07 01:46:09.996207','2020-12-07 01:46:09.996229',59,1,1,'_33','Trade company \"Caravel\"',NULL,NULL,NULL,6,0,NULL,NULL,NULL,NULL,NULL),(62,NULL,'2020-12-07 01:46:21.881723','2020-12-07 01:46:21.881743',60,1,1,'_33','Barbershop - Hair Piece',NULL,NULL,NULL,6,0,NULL,NULL,NULL,NULL,NULL),(63,NULL,'2020-12-07 01:46:33.766484','2020-12-07 01:46:33.766510',61,1,1,'_33','Corporate pavilion for Intime',NULL,NULL,NULL,6,0,NULL,NULL,NULL,NULL,NULL),(64,NULL,'2020-12-07 01:46:44.922672','2020-12-07 01:46:44.922692',62,1,1,'_33','Fishing gear - Da he Lian',NULL,NULL,NULL,6,0,NULL,NULL,NULL,NULL,NULL),(65,'65.jpg','2020-12-07 10:06:31.079720','2020-12-07 10:06:31.079746',63,1,1,'_33_41','1',NULL,NULL,NULL,6,0,NULL,NULL,NULL,NULL,NULL),(66,'66.jpg','2020-12-07 10:06:35.510927','2020-12-07 10:06:35.510950',64,1,1,'_33_41','2',NULL,NULL,NULL,6,0,NULL,NULL,NULL,NULL,NULL),(67,'67.png','2020-12-07 10:07:21.606214','2020-12-07 10:07:21.606233',65,1,1,'_33_42','1',NULL,NULL,NULL,6,0,NULL,NULL,NULL,NULL,NULL),(68,'68.jpg','2020-12-07 10:07:23.827385','2020-12-07 10:07:23.827406',66,1,1,'_33_42','2',NULL,NULL,NULL,6,0,NULL,NULL,NULL,NULL,NULL),(69,'69.jpg','2020-12-07 10:07:26.314752','2020-12-07 10:07:26.314773',67,1,1,'_33_42','3',NULL,NULL,NULL,6,0,NULL,NULL,NULL,NULL,NULL),(105,NULL,'2020-12-07 14:03:29.417444','2021-01-04 16:10:54.860319',31,1,1,'','Identity','24','','',9,0,'','','RECENT PROJECTS','',''),(106,'41.jpg','2020-12-07 14:03:29.422128','2020-12-27 12:36:17.424806',39,1,1,'_105','RusCASA - real estate agency','','','',9,0,'','','','Краткое описание, одно или два предложение, лучше совсем коротенечко<br>',''),(107,'65.jpg','2020-12-07 14:03:29.429275','2020-12-07 14:03:29.429302',63,1,1,'_105_106','1',NULL,NULL,NULL,9,0,NULL,NULL,NULL,NULL,NULL),(108,'66.jpg','2020-12-07 14:03:29.461932','2020-12-07 14:03:29.461954',64,1,1,'_105_106','2',NULL,NULL,NULL,9,0,NULL,NULL,NULL,NULL,NULL),(109,'42.jpg','2020-12-07 14:03:29.471606','2020-12-07 14:03:29.471717',40,1,1,'_105','Empy - pet accessories',NULL,NULL,NULL,9,0,NULL,NULL,NULL,NULL,NULL),(110,'67.png','2020-12-07 14:03:29.490579','2020-12-07 14:03:29.490600',65,1,1,'_105_109','1',NULL,NULL,NULL,9,0,NULL,NULL,NULL,NULL,NULL),(111,'68.jpg','2020-12-07 14:03:29.500769','2020-12-07 14:03:29.500799',66,1,1,'_105_109','2',NULL,NULL,NULL,9,0,NULL,NULL,NULL,NULL,NULL),(112,'69.jpg','2020-12-07 14:03:29.531551','2020-12-07 14:03:29.531584',67,1,1,'_105_109','3',NULL,NULL,NULL,9,0,NULL,NULL,NULL,NULL,NULL),(113,'43.jpg','2020-12-07 14:03:29.573659','2020-12-07 14:03:29.573694',41,1,1,'_105','SnimiSnami - video studio',NULL,NULL,NULL,9,0,NULL,NULL,NULL,NULL,NULL),(114,NULL,'2020-12-07 14:03:29.591988','2020-12-07 14:03:29.592010',42,1,1,'_105','Obro toys - wooden toys brand',NULL,NULL,NULL,9,0,NULL,NULL,NULL,NULL,NULL),(115,NULL,'2020-12-07 14:03:29.621332','2020-12-07 14:03:29.621354',43,1,1,'_105','Rugo doors - door manufacturer',NULL,NULL,NULL,9,0,NULL,NULL,NULL,NULL,NULL),(116,NULL,'2020-12-07 14:03:29.623486','2020-12-07 14:03:29.623507',44,1,1,'_105','Ural locomotives on Innoprom 2018',NULL,NULL,NULL,9,0,NULL,NULL,NULL,NULL,NULL),(117,NULL,'2020-12-07 14:03:29.625214','2020-12-07 14:03:29.625236',45,1,1,'_105','Marketing Agency - Market Entry Atelier',NULL,NULL,NULL,9,0,NULL,NULL,NULL,NULL,NULL),(118,NULL,'2020-12-07 14:03:29.626529','2020-12-07 14:03:29.626548',46,1,1,'_105','Instant noodles - \"Moodle\"',NULL,NULL,NULL,9,0,NULL,NULL,NULL,NULL,NULL),(119,NULL,'2020-12-07 14:03:29.629937','2020-12-07 14:03:29.629959',47,1,1,'_105','Novae - decoration manufacturer',NULL,NULL,NULL,9,0,NULL,NULL,NULL,NULL,NULL),(120,NULL,'2020-12-07 14:03:29.630778','2020-12-07 14:03:29.630799',48,1,1,'_105','Video Marketing',NULL,NULL,NULL,9,0,NULL,NULL,NULL,NULL,NULL),(121,NULL,'2020-12-07 14:03:29.631606','2020-12-07 14:03:29.631623',49,1,1,'_105','Baby shop - Ballet Bear',NULL,NULL,NULL,9,0,NULL,NULL,NULL,NULL,NULL),(122,NULL,'2020-12-07 14:03:29.633630','2020-12-07 14:03:29.633646',50,1,1,'_105','Bai advertising',NULL,NULL,NULL,9,0,NULL,NULL,NULL,NULL,NULL),(123,NULL,'2020-12-07 14:03:29.634356','2020-12-07 14:03:29.634373',51,1,1,'_105','\"Street Childhood\" - shop',NULL,NULL,NULL,9,0,NULL,NULL,NULL,NULL,NULL),(124,NULL,'2020-12-07 14:03:29.635078','2020-12-07 14:03:29.635095',52,1,1,'_105','FC \"Urumqi\" - concept',NULL,NULL,NULL,9,0,NULL,NULL,NULL,NULL,NULL),(125,NULL,'2020-12-07 14:03:29.635824','2020-12-07 14:03:29.635840',53,1,1,'_105','\"City-ride\" - shop logo',NULL,NULL,NULL,9,0,NULL,NULL,NULL,NULL,NULL),(126,NULL,'2020-12-07 14:03:29.636634','2020-12-07 14:03:29.636650',54,1,1,'_105','Bistro \"Hunan\"',NULL,NULL,NULL,9,0,NULL,NULL,NULL,NULL,NULL),(127,NULL,'2020-12-07 14:03:29.637391','2020-12-07 14:03:29.637408',55,1,1,'_105','Fashion boutique - Brand Collector',NULL,NULL,NULL,9,0,NULL,NULL,NULL,NULL,NULL),(128,NULL,'2020-12-07 14:03:29.638249','2020-12-07 14:03:29.638268',56,1,1,'_105','Contention agency',NULL,NULL,NULL,9,0,NULL,NULL,NULL,NULL,NULL),(129,NULL,'2020-12-07 14:03:29.639119','2020-12-07 14:03:29.639140',57,1,1,'_105','Fasteners and tools \"Yalida\"',NULL,NULL,NULL,9,0,NULL,NULL,NULL,NULL,NULL),(130,NULL,'2020-12-07 14:03:29.640050','2020-12-07 14:03:29.640079',58,1,1,'_105','Urban Developement',NULL,NULL,NULL,9,0,NULL,NULL,NULL,NULL,NULL),(131,NULL,'2020-12-07 14:03:29.642211','2020-12-07 14:03:29.642231',59,1,1,'_105','Trade company \"Caravel\"',NULL,NULL,NULL,9,0,NULL,NULL,NULL,NULL,NULL),(132,NULL,'2020-12-07 14:03:29.644425','2020-12-07 14:03:29.644441',60,1,1,'_105','Barbershop - Hair Piece',NULL,NULL,NULL,9,0,NULL,NULL,NULL,NULL,NULL),(133,NULL,'2020-12-07 14:03:29.645186','2020-12-07 14:03:29.645204',61,1,1,'_105','Corporate pavilion for Intime',NULL,NULL,NULL,9,0,NULL,NULL,NULL,NULL,NULL),(134,NULL,'2020-12-07 14:03:29.645949','2020-12-07 14:03:29.645966',62,1,1,'_105','Fishing gear - Da he Lian',NULL,NULL,NULL,9,0,NULL,NULL,NULL,NULL,NULL),(135,NULL,'2020-12-07 14:03:29.646718','2020-12-23 13:40:47.780492',32,1,1,'','Illustration','15','','',9,0,'','','','',''),(136,NULL,'2020-12-07 14:03:29.647541','2020-12-23 13:57:12.252698',33,1,1,'','Toys','20','','',9,0,'','','','',''),(137,NULL,'2020-12-07 14:03:29.649777','2020-12-23 13:57:16.981216',34,1,1,'','Industrial','09','','',9,0,'','','','',''),(138,NULL,'2020-12-07 14:03:29.650552','2020-12-23 13:57:23.532250',35,1,1,'','Packaging','06','','',9,0,'','','','',''),(139,NULL,'2020-12-07 14:03:29.651317','2020-12-23 13:57:28.633515',36,1,1,'','Web','05','','',9,0,'','','','',''),(140,NULL,'2020-12-07 14:19:40.022292','2020-12-07 14:23:00.987938',68,1,1,'','Identity','Identity projects','/','',10,0,'','','','Developing an identity is a complex task, the correct approach to which allows you to form the \"face\" of a brand or company.<br>Corporate identity is the interaction of all visual elements used for communication with the target audience.<br><br>We take into account how corporate colors, fonts and graphics will look in different conditions and on different media - indoors and outdoors, in bright and low light, on a poster and on a small business card.<br>',NULL),(141,NULL,'2020-12-07 14:19:42.058842','2020-12-07 14:25:45.714692',69,1,1,'','Toys','Toys projects','/','',10,0,'','','','Toy design main goal is to contribute to growth and development of children, encourage their imagination and use of various skills, and, of course, to provide them with high-quality, safe and fun experience.<br><br>We believe that toys should provide high educational and developmental value for children, be comprehensive and engaging to play.<br>',NULL),(142,NULL,'2020-12-07 14:19:50.012361','2020-12-07 14:27:41.577599',70,1,1,'','Illustration','Illustration projects','/','',10,0,'','','','Revives \"boring\" multi-page commercial offers and reports. Fills ads with bright, memorable images. Decorates things.<br><br>When picking up a book, package, or toy, the vast majority of people first look at the illustrations. Vivid visual images can evoke a strong emotional response in people.<br>',NULL),(143,NULL,'2020-12-07 14:19:50.942347','2020-12-07 14:29:58.534592',71,1,1,'','Industrial','Industrial projects','/','',10,0,'','','','The product must be competitive and attractive. How to produce a product that meets these conditions? Industrial design becomes an integral part of product design, improvement, and commercial success.<br><br>Without a harmonious and functional design, it is impossible to complete in the modern market. We develop up-to-date design of consumer goods and electronic devices.<br>',NULL),(144,NULL,'2020-12-07 14:19:51.886355','2020-12-07 14:32:05.848785',72,1,1,'','Packaging','Packaging projects','/','',10,0,'','','','A characteristic feature of the modern market is a high level of competition. In such conditions, it is not enough just to release a quality product. It is equally important to present it correctly to potential consumers.<br><br>The original memorable packaging design helps in solving this problem. Effective product packaging design attracts attention, effective - makes people buy.<br>',NULL),(145,NULL,'2020-12-07 14:19:53.223351','2020-12-07 14:34:29.166189',73,1,1,'','Web','Web projects','/','',10,0,'','','','Online branding is the most important business engine in the modern world. Structured content allows you to work correctly to attract new customers and work with existing ones.<br><br>Our task is to design web user interfaces, websites or web applications. Unique design for each specific client, to provide high consumer properties and aesthetic qualities.<br>',NULL),(146,NULL,'2020-12-07 15:13:04.146812','2021-01-09 14:28:18.438097',68,1,1,'','Identity','Identity projects','/portfolio/identity/','',11,0,'','','','Developing an identity is a complex task, the correct approach to which allows you to form the \"face\" of a brand or company.<br>Corporate identity is the interaction of all visual elements used for communication with the target audience.<br><br>We take into account how corporate colors, fonts and graphics will look in different conditions and on different media - indoors and outdoors, in bright and low light, on a poster and on a small business card.<br>',''),(147,NULL,'2020-12-07 15:13:04.147885','2021-01-09 14:47:02.603083',69,1,1,'','Toys','Toys projects','/portfolio/toys/','',11,0,'','','','Toy design main goal is to contribute to growth and development of children, encourage their imagination and use of various skills, and, of course, to provide them with high-quality, safe and fun experience.<br><br>We believe that toys should provide high educational and developmental value for children, be comprehensive and engaging to play.&nbsp;Our team consists of people who devote themselves completely to creating toys, people who, despite their age, remain children in their souls. Each of us tries to feel the gameplay and bring something new, useful in our own way.<br>',''),(148,NULL,'2020-12-07 15:13:04.148855','2021-01-09 15:53:49.321596',70,1,1,'','Illustration','Illustration projects','/portfolio/illustrations/','',11,0,'','','','Revives \"boring\" multi-page commercial offers and reports. Fills ads with bright, memorable images. Decorates things.<br><br>When picking up a book, package, or toy, the vast majority of people first look at the illustrations. Vivid visual images can evoke a strong emotional response in people.<br>',''),(149,NULL,'2020-12-07 15:13:04.151161','2021-01-09 14:47:29.303368',71,1,1,'','Industrial','Industrial projects','/portfolio/industrial/','',11,0,'','','','The product must be competitive and attractive. How to produce a product that meets these conditions? Industrial design becomes an integral part of product design, improvement, and commercial success.<br><br>Without a harmonious and functional design, it is impossible to complete in the modern market. We develop up-to-date design of consumer goods and electronic devices.<br>',''),(150,NULL,'2020-12-07 15:13:04.152054','2021-01-09 14:48:01.242893',72,1,1,'','Packaging','Packaging projects','/portfolio/packaging/','',11,0,'','','','A characteristic feature of the modern market is a high level of competition. In such conditions, it is not enough just to release a quality product. It is equally important to present it correctly to potential consumers.<br><br>The original memorable packaging design helps in solving this problem. Effective product packaging design attracts attention, effective - makes people buy.<br>',''),(151,NULL,'2020-12-07 15:13:04.165191','2021-01-09 15:54:49.555147',73,1,1,'','Web','Web projects','/portfolio/web/','',11,0,'','','','Online branding is the most important business engine in the modern world. Structured content allows you to work correctly to attract new customers and work with existing ones.<br><br>Our task is to design web user interfaces, websites or web applications. Unique design for each specific client, to provide high consumer properties and aesthetic qualities.<br>',''),(152,'152.png','2020-12-07 15:19:14.225550','2020-12-07 16:51:46.454965',74,1,1,'','IVAN','designer | creative director','/','',12,0,'','','','More than 9 years of experience in design and international art projects in Russia, China and Spain.<br><br>I love any form of design and prefer to combine original ideas with great passion and dedication. I get one simple method to achieve the big desired results - eclecticism, original ideas and a great love to my work.<br>',NULL),(153,'153.png','2020-12-07 15:19:28.215787','2020-12-07 15:23:19.696134',75,1,1,'','CLEMENCE','industrial designer | engineer','','',12,0,'','','','My experiences led me to work on both industrial products (robots, connected objects, toys...) and digital (websites, mobile applications).<br><br>I enjoy all types of missions, be it the complete design of your project or a punctual accompaniment on a precise phase of you development.<br>',NULL),(154,'154.png','2020-12-07 15:19:31.880538','2020-12-07 15:24:48.233698',76,1,1,'','ROMAN','design director | project director','','',12,0,'','','','Managing foreign design projects for over 7 years. Perfect knowledge of the Chinese language helps me to provide best service to our clients.<br><br>I have extensive experience in the organization of mass production, working with typography, as well as branding for Chinese market. My goal is to bring our projects to the real life.<br>',NULL),(155,'152.png','2020-12-07 16:54:06.391059','2021-01-12 11:51:34.295170',74,1,1,'','IVAN','designer | creative director','/more-about-us/','',13,0,'','','','More than 9 years of experience in design and international art projects in Russia, China and Spain.<br><br>I love any form of design and prefer to combine original ideas with great passion and dedication. I get one simple method to achieve the big desired results - eclecticism, original ideas and a great love to my work.<br>',''),(156,'153.png','2020-12-07 16:54:06.399790','2020-12-23 12:18:09.647335',75,1,1,'','CLEMENCE','industrial designer | engineer','','',13,0,'','','','My experiences led me to work on both industrial products (robots, connected objects, toys...) and digital (websites, mobile applications).<br><br>I enjoy all types of missions, be it the complete design of your project or a punctual accompaniment on a precise phase of you development.<br>',''),(157,'154.png','2020-12-07 16:54:06.413457','2021-01-12 12:01:21.008649',76,1,1,'','ROMAN','design director | project director','','',13,0,'','','','Managing foreign design projects for over 7 years. Perfect knowledge of the Chinese language helps me to provide best service to our clients.<br><br>I have extensive experience in the organization of mass production, toys design, working with typography, as well as branding for Chinese market. My goal is to bring our projects to the real life.<br>',''),(158,'158.png','2020-12-07 17:31:19.505059','2020-12-07 17:32:30.221483',77,1,1,'','1','','','',14,0,'','','','',NULL),(159,'159.png','2020-12-07 17:31:20.977085','2020-12-07 17:32:32.819997',78,1,1,'','2','','','',14,0,'','','','',NULL),(160,'160.png','2020-12-07 17:31:22.003850','2020-12-07 17:32:35.221784',79,1,1,'','3','','','',14,0,'','','','',NULL),(161,'161.png','2020-12-07 17:31:22.900422','2020-12-07 17:32:26.872875',80,1,1,'','4','','','',14,0,'','','','',NULL),(162,'162.png','2020-12-07 17:31:23.784153','2020-12-10 19:08:27.862359',81,1,1,'','5','','','',14,0,'','','','',''),(163,'163.png','2020-12-07 17:31:24.691283','2020-12-07 17:32:47.736540',82,1,1,'','6','','','',14,0,'','','','',NULL),(164,'164.png','2020-12-07 17:31:25.519585','2020-12-07 17:32:54.104143',83,1,1,'','7','','','',14,0,'','','','',NULL),(165,'165.png','2020-12-07 17:31:26.287030','2020-12-07 17:32:58.174878',84,1,1,'','8','','','',14,0,'','','','',NULL),(166,'166.png','2020-12-07 17:31:27.356459','2020-12-10 19:06:46.132919',85,1,1,'','9','','','',14,0,'','','','',''),(167,'167.png','2020-12-07 17:31:28.352229','2020-12-07 17:33:05.329838',86,1,1,'','10','','','',14,0,'','','','',NULL),(168,'168.png','2020-12-07 17:33:08.502798','2020-12-07 17:33:08.502822',87,1,1,'','11',NULL,NULL,NULL,14,0,NULL,NULL,NULL,NULL,NULL),(180,'158.png','2020-12-07 17:41:52.764591','2020-12-07 17:41:52.764613',77,1,1,'','1','','','',16,0,'','','','',NULL),(181,'159.png','2020-12-07 17:41:52.767233','2020-12-07 17:41:52.767252',78,1,1,'','2','','','',16,0,'','','','',NULL),(182,'160.png','2020-12-07 17:41:52.774565','2020-12-07 17:41:52.774595',79,1,1,'','3','','','',16,0,'','','','',NULL),(183,'161.png','2020-12-07 17:41:52.781547','2020-12-26 15:54:12.552634',80,1,1,'','4','','','',16,0,'','','','','mh-60'),(184,'162.png','2020-12-07 17:41:52.789212','2020-12-07 17:41:52.789246',81,1,1,'','5','','','',16,0,'','','','',NULL),(185,'163.png','2020-12-07 17:41:52.808149','2020-12-07 17:41:52.808177',82,1,1,'','6','','','',16,0,'','','','',NULL),(186,'164.png','2020-12-07 17:41:52.815784','2020-12-07 17:41:52.815810',83,1,1,'','7','','','',16,0,'','','','',NULL),(187,'165.png','2020-12-07 17:41:52.823615','2020-12-07 17:41:52.823642',84,1,1,'','8','','','',16,0,'','','','',NULL),(188,'166.png','2020-12-07 17:41:52.830946','2020-12-26 17:20:13.303695',85,1,1,'','9','','','',16,0,'','','','',''),(189,'167.png','2020-12-07 17:41:52.838318','2020-12-07 17:41:52.838352',86,1,1,'','10','','','',16,0,'','','','',NULL),(190,'168.png','2020-12-07 17:41:52.845806','2020-12-07 17:41:52.845827',87,1,1,'','11',NULL,NULL,NULL,16,0,NULL,NULL,NULL,NULL,NULL),(191,NULL,'2020-12-07 17:50:32.190586','2021-01-09 12:15:34.931986',88,1,1,'','RUSSIA address','','','address2',1,0,'','','','RUSSIA<br>Yekaterinburg city, st. Metallurgov 32, #42 <br>Post code: 620131<br>',''),(192,NULL,'2020-12-07 17:54:06.170846','2020-12-27 19:55:18.942565',89,1,1,'','Телефон','','','phone2',1,0,'','','','+7 922 132 4999',''),(193,NULL,'2020-12-07 17:55:11.520576','2021-01-08 21:55:39.083032',90,1,1,'','Email Russia','','','email2',1,0,'','','','info@infinityink.eu',''),(194,NULL,'2020-12-16 18:02:48.146052','2020-12-23 15:05:11.132719',91,1,1,'','Design Application','','','right_panel',1,0,'','','','Do you want to order a design?<br>Write briefly about the project and <br>we will call you back for further details.<br>',''),(196,NULL,'2020-12-23 11:52:01.658032','2021-01-06 17:36:44.060889',92,1,4,'_13','Packaging','','/portfolio/packaging/','',2,0,'','','','',''),(197,NULL,'2020-12-23 11:55:29.961796','2021-01-06 17:36:50.756825',93,1,4,'_13','Web','','/portfolio/web/','',2,0,'','','','',''),(204,NULL,'2020-12-26 18:46:05.138713','2020-12-26 18:46:05.138732',94,1,1,'','Identity',NULL,NULL,NULL,19,0,NULL,NULL,NULL,NULL,NULL),(205,NULL,'2020-12-26 18:46:05.142779','2021-01-06 17:41:56.199254',101,1,1,'_204','Text_1','','','',19,0,'','','','Graphical identification of companies, brands, goods and services. Your uniqueness. Developing an identity is a complex task, the correct approach to which allows you to form the \"face\" of a brand or company.<br>',''),(206,NULL,'2020-12-26 18:46:05.146399','2021-01-06 17:42:01.440453',102,1,1,'_204','Text_2','','','',19,0,'','','','Corporate identity is the interaction of all visual elements used for communication with the target audience. We take into account how corporate colors, fonts and graphics will look in different<br>',''),(207,NULL,'2020-12-26 18:46:05.150446','2021-01-06 17:42:06.110311',103,1,1,'_204','Text_3','','','',19,0,'','','','conditions and on different media - indoors and outdoors, in bright and low light, on a poster and on a small business card.<br>',''),(208,NULL,'2020-12-26 18:46:05.154243','2020-12-26 18:46:05.154265',95,1,1,'','Работы',NULL,NULL,'items',19,0,NULL,NULL,NULL,NULL,NULL),(209,'209.jpg','2020-12-26 18:46:05.158103','2020-12-26 18:46:05.158118',96,1,1,'_208','Название проекта',NULL,NULL,NULL,19,0,NULL,NULL,NULL,'Краткое описание проекта, буквально 1-2 предложения<br>',NULL),(210,'201.jpg','2020-12-26 18:46:05.168633','2020-12-26 18:46:05.168684',97,1,1,'_208','Название проекта 2',NULL,NULL,NULL,19,0,NULL,NULL,NULL,'Краткое описание проекта, буквально 1-2 предложения',NULL),(211,'undefined.jpg','2020-12-26 18:46:05.179598','2020-12-26 18:46:05.179622',98,1,1,'_208','Название проекта 3',NULL,NULL,NULL,19,0,NULL,NULL,NULL,'Краткое описание проекта, буквально 1-2 предложения',NULL),(212,'d66cf2a92230fcc17df059126d4340e9_arkasiss-laboratory_wallpaper-1920x1080.jpg','2020-12-26 18:46:05.191397','2020-12-26 18:46:05.191436',99,1,1,'_208','Название проекта 4',NULL,NULL,NULL,19,0,NULL,NULL,NULL,'Краткое описание проекта, буквально 1-2 предложения',NULL),(213,'992e8891d301-1920x1080.jpg','2020-12-26 18:46:05.216439','2020-12-26 18:46:05.216499',100,1,1,'_208','Название проекта 5',NULL,NULL,NULL,19,0,NULL,NULL,NULL,'Краткое описание проекта, буквально 1-2 предложения',NULL),(214,NULL,'2020-12-26 18:56:13.111807','2020-12-26 18:56:13.111828',94,1,1,'','Identity',NULL,NULL,NULL,20,0,NULL,NULL,NULL,NULL,NULL),(215,NULL,'2020-12-26 18:56:13.116492','2021-01-08 13:50:29.689142',101,1,1,'_214','Paragraph_1','','','',20,0,'','','','Graphical identification of companies, brands, goods and services. Your uniqueness. Developing an identity is a complex task, the correct approach to which allows you to form the \"face\" of a brand or company.<br>',''),(216,NULL,'2020-12-26 18:56:13.120457','2021-01-08 13:50:58.975291',102,1,1,'_214','Paragraph_2','','','',20,0,'','','','Corporate identity is the interaction of all visual elements used for communication with the target audience. We take into account how corporate colors, fonts and graphics will look in different<br>',''),(217,NULL,'2020-12-26 18:56:13.124799','2021-01-08 13:51:13.654581',103,1,1,'_214','Paragraph_3','','','',20,0,'','','','conditions and on different media - indoors and outdoors, in bright and low light, on a poster and on a small business card.<br>',''),(218,NULL,'2020-12-26 18:56:13.128886','2020-12-26 18:56:13.128912',95,1,1,'','Работы',NULL,NULL,'items',20,0,NULL,NULL,NULL,NULL,NULL),(219,'219.jpg','2020-12-26 18:56:13.133669','2021-01-08 17:24:29.215126',96,1,1,'_218','AVITO toys','','/identity/avito/','',20,0,'','','','Toy manufacturer\'s logo<br>',''),(220,'220.jpg','2020-12-26 18:56:13.147747','2021-01-08 17:25:30.913180',97,1,1,'_218','Chestnut Trade','','/identity/chestnut-trade/','',20,0,'','','','Chestnut Trading and QC inspection company\'s logo',''),(221,'221.jpg','2020-12-26 18:56:13.153677','2021-01-08 18:54:05.288051',98,1,1,'_218','COCOCAM','','/identity/cococam/','',20,0,'','','','Hunting camera manufacturer\'s logo.<br>',''),(224,NULL,'2020-12-26 19:15:05.547399','2020-12-26 19:15:45.711208',94,1,1,'','Illustration','','','',21,0,'','','','',''),(225,NULL,'2020-12-26 19:15:05.553127','2021-01-08 22:59:20.471177',101,1,1,'_224','P_1','','','',21,0,'','','','Revives \"boring\" multi-page commercial offers and reports. Fills ads with bright, memorable images. Decorates things.&nbsp;<br>',''),(226,NULL,'2020-12-26 19:15:05.557925','2021-01-08 22:59:35.637496',102,1,1,'_224','P_2','','','',21,0,'','','','When picking up a book, package, or toy, the vast majority of people first look at the illustrations.&nbsp;<br>',''),(227,NULL,'2020-12-26 19:15:05.566393','2021-01-08 22:59:40.047539',103,1,1,'_224','P_3','','','',21,0,'','','','Vivid visual images can evoke a strong emotional response in people.<br>',''),(228,NULL,'2020-12-26 19:15:05.569954','2020-12-26 19:15:05.569970',95,1,1,'','Работы',NULL,NULL,'items',21,0,NULL,NULL,NULL,NULL,NULL),(229,'229.jpg','2020-12-26 19:15:05.573060','2021-01-09 15:58:09.854849',96,1,1,'_228','Lucy&Leo Singing Cats','','/illustration/ll-singing-cats/','',21,0,'','','','Illustrations for harmonica and guitar toys<br>',''),(230,'230.jpg','2020-12-26 19:15:05.584292','2021-01-09 15:56:29.842883',97,1,1,'_228','Lucy&Leo Jazz birds','','/illustration/ll-xylo-jazzbirds/','',21,0,'','','','Illustration for xylophone toy<br>',''),(231,'231.jpg','2020-12-26 19:15:05.589745','2021-01-09 15:57:01.823687',98,1,1,'_228','MEA Service infographics','','/illustration/mea-service-illustrations/','',21,0,'','','','Infographics about services<br>',''),(232,'232.jpg','2020-12-26 19:15:05.593516','2021-01-09 15:57:17.978089',99,1,1,'_228','Dino tent','','/illustration/dino-tent/','',21,0,'','','','Illustration for tent',''),(233,'233.jpg','2020-12-26 19:15:05.602871','2021-01-09 15:57:34.355126',100,1,1,'_228','OBRO cubes','','/illustration/obro-cubes/','',21,0,'','','','Illustration for wooden cubes<br>',''),(234,NULL,'2020-12-27 12:57:35.798144','2020-12-27 13:08:43.884159',104,1,1,'_194','Your Name','Your Name','','name',1,0,'','','','',''),(236,NULL,'2020-12-27 12:57:58.449998','2020-12-27 13:08:53.474522',106,1,1,'_194','Phone','Phone','','phone',1,0,'','','','',''),(237,NULL,'2020-12-27 12:58:04.714284','2020-12-27 13:01:52.650644',107,1,1,'_194','QQ','QQ','','qq',1,0,'','','','',''),(238,NULL,'2020-12-27 12:58:17.978691','2020-12-27 13:09:02.769672',108,1,1,'_194','Company name and contacts','Company name and contacts','','contacts',1,0,'','','','',''),(239,NULL,'2020-12-27 12:58:27.987098','2020-12-27 13:09:09.205556',109,1,1,'_194','Your project description','Your project description','','description',1,0,'','','','',''),(240,NULL,'2020-12-27 12:58:35.125263','2020-12-27 13:09:21.231103',110,1,1,'_194','Attach file','Attach file','','attach',1,0,'','','','',''),(241,NULL,'2020-12-27 12:58:59.649000','2020-12-27 13:09:31.010790',111,1,1,'_194','Download','Download','','download',1,0,'','','','',''),(242,NULL,'2020-12-27 12:59:33.656780','2020-12-27 13:02:13.381861',112,1,1,'_194','Warning','By checking the box, I give my consent to the processing of my personal data in accordance with the law \"On personal data\"','','warning',1,0,'','','','',''),(243,NULL,'2020-12-27 12:59:47.893280','2020-12-27 13:02:17.139476',113,1,1,'_194','Send application','Send application','','submit',1,0,'','','','',''),(244,NULL,'2020-12-29 18:23:19.329275','2021-01-08 15:16:55.210945',94,1,1,'','Toys','','','',22,0,'','','','',''),(245,NULL,'2020-12-29 18:23:19.333135','2021-01-08 15:34:41.069399',101,1,1,'_244','P_1','','','',22,0,'','','','<div>We take lessons from our childhood and produce really creative and educational wooden toys.&nbsp;<br></div>',''),(246,NULL,'2020-12-29 18:23:19.337414','2021-01-08 15:34:47.407318',102,1,1,'_244','P_2','','','',22,0,'','','','With our toys, your child will develop and learn by playing fun games with clear rules!<br>',''),(247,NULL,'2020-12-29 18:23:19.341244','2021-01-08 15:35:07.945178',103,1,1,'_244','P_3','','','',22,0,'','','','Simple and creative. Like this！<br>',''),(248,NULL,'2020-12-29 18:23:19.346223','2020-12-29 18:23:19.346262',95,1,1,'','Работы',NULL,NULL,'items',22,0,NULL,NULL,NULL,NULL,NULL),(249,'249.jpg','2020-12-29 18:23:19.351452','2021-01-08 15:01:20.135601',96,1,1,'_248','Children furniture','','/toys/kids-furniture/','',22,0,'','','','IKEA style furniture for children<br>',''),(250,'250.jpg','2020-12-29 18:23:19.371838','2021-01-08 17:37:04.120708',97,1,1,'_248','Lucy&Leo kitchen toy','','/toys/ll_kitchen/','',22,0,'','','','Workbench toy, 2in1',''),(251,'251.jpg','2020-12-29 18:23:19.447715','2021-01-08 15:08:23.069570',98,1,1,'_248','Lucy&Leo Workbench toy','','/toys/ll_workbench/','',22,0,'','','','Workbench toy, 2in1',''),(254,NULL,'2021-01-06 11:12:11.705871','2021-01-08 18:40:05.588095',114,1,1,'','Text','','','',23,0,'','','','Wooden toy \"transformer\" kitchen for kids<br><br>\r\n\r\nLucy &amp; Leo is a russian brand, based in Irkoutsk, Siberia. They are developping responsible educational wooden toys for children. On the one side it is a kitchen, and on the other side a shop, so that the children can play to make the food and sell it.\r\nThe assembly is made by the kid and his parents thanks to big screws on the side, allowing it to be delivered flat-packed',''),(255,'255.jpg','2021-01-06 11:15:49.763017','2021-01-08 18:40:26.256582',115,1,1,'','Picture_1','','','',23,0,'','','','',''),(256,'256.jpg','2021-01-06 11:15:51.224746','2021-01-08 18:40:33.467746',116,1,1,'','Picture_2','','','',23,0,'','','','',''),(257,'257.jpg','2021-01-06 11:15:52.976594','2021-01-08 18:40:37.942581',117,1,1,'','Picture_3','','','',23,0,'','','','',''),(258,NULL,'2021-01-06 11:17:51.079433','2021-01-06 11:44:02.036944',118,1,4,'','Identity','','/identity/','',24,0,'','','','',''),(259,NULL,'2021-01-06 11:17:54.363040','2021-01-06 11:59:43.085466',119,1,4,'','Toys','','/toys/','',24,0,'','','','',''),(260,NULL,'2021-01-06 11:20:35.685294','2021-01-08 19:47:24.657035',114,1,1,'','Text','','','',25,0,'','','','Wooden toy \"transformer\" kitchen for kids<br><br>\r\n\r\nLucy &amp; Leo is a russian brand, based in Irkoutsk, Siberia. They are developping responsible educational wooden toys for children. On the one side it is a kitchen, and on the other side a shop, so that the children can play to make the food and sell it.\r\nThe assembly is made by the kid and his parents thanks to big screws on the side, allowing it to be delivered flat-packed',''),(261,'261.jpg','2021-01-06 11:20:35.690443','2021-01-08 19:47:34.108253',115,1,1,'','Picture_1','','','',25,0,'','','','',''),(262,'262.jpg','2021-01-06 11:20:35.696634','2021-01-08 19:47:39.333814',116,1,1,'','Picture_2','','','',25,0,'','','','',''),(263,'263.jpg','2021-01-06 11:20:35.703091','2021-01-08 19:47:42.489741',117,1,1,'','Picture_3','','','',25,0,'','','','',''),(264,NULL,'2021-01-06 11:33:22.892518','2021-01-09 16:30:34.276953',114,1,1,'','Text','','','',26,0,'','','','Wooden toy \"transformer\" kitchen for kids<br><br>\r\n\r\nLucy &amp; Leo is a russian brand, based in Irkoutsk, Siberia. They are developping responsible educational wooden toys for children. On the one side it is a kitchen, and on the other side a shop, so that the children can play to make the food and sell it.\r\nThe assembly is made by the kid and his parents thanks to big screws on the side, allowing it to be delivered flat-packed',''),(265,'265.jpg','2021-01-06 11:33:22.896308','2021-01-09 16:30:38.457044',115,1,1,'','Picture_1','','','',26,0,'','','','',''),(266,'266.jpg','2021-01-06 11:33:22.903945','2021-01-09 16:30:42.354069',116,1,1,'','Picture_2','','','',26,0,'','','','',''),(267,'267.jpg','2021-01-06 11:33:22.912161','2021-01-09 16:31:07.420414',117,1,1,'','Picture_3','','','',26,0,'','','','',''),(268,NULL,'2021-01-06 11:40:46.043856','2021-01-08 17:24:33.918592',120,1,4,'_258','AVITO toys','','/identity/avito/','',24,0,'','','','',''),(269,NULL,'2021-01-06 11:41:33.067366','2021-01-08 17:25:22.348969',121,1,4,'_258','Chestnut Trade','','/identity/chestnut-trade/','',24,0,'','','','',''),(270,NULL,'2021-01-06 11:41:40.142135','2021-01-08 18:58:28.262428',122,1,4,'_258','COCOCAM','','/identity/cococam/','',24,0,'','','','',''),(271,NULL,'2021-01-06 11:48:26.285424','2021-01-09 16:45:44.728097',114,1,1,'','Text','','','',27,0,'','','','Wooden toy \"transformer\" kitchen for kids<br><br>\r\n\r\nLucy &amp; Leo is a russian brand, based in Irkoutsk, Siberia. They are developping responsible educational wooden toys for children. On the one side it is a kitchen, and on the other side a shop, so that the children can play to make the food and sell it.\r\nThe assembly is made by the kid and his parents thanks to big screws on the side, allowing it to be delivered flat-packed',''),(272,'272.jpg','2021-01-06 11:48:26.288699','2021-01-09 16:45:48.377283',115,1,1,'','Picture_1','','','',27,0,'','','','',''),(273,'273.jpg','2021-01-06 11:48:26.294523','2021-01-09 16:45:51.527242',116,1,1,'','Picture_2','','','',27,0,'','','','',''),(274,'274.jpg','2021-01-06 11:48:26.302034','2021-01-09 16:45:55.039450',117,1,1,'','Picture_3','','','',27,0,'','','','',''),(275,'275.jpg','2021-01-06 11:51:13.399980','2021-01-09 16:45:58.548217',123,1,1,'','Picture_4','','','',27,0,'','','','',''),(276,'276.jpg','2021-01-06 11:51:38.341139','2021-01-09 16:46:01.508865',124,1,1,'','Picture_5','','','',27,0,'','','','',''),(277,'277.jpg','2021-01-06 11:52:00.775894','2021-01-09 16:46:04.502396',125,1,1,'','Picture_6','','','',27,0,'','','','',''),(278,'278.jpg','2021-01-06 11:52:01.816908','2021-01-09 16:46:08.622217',126,1,1,'','Picture_7','','','',27,0,'','','','',''),(279,'279.jpg','2021-01-06 11:53:54.696888','2021-01-09 16:46:39.984686',127,1,1,'','Picture_8','','','',27,0,'','','','',''),(280,'280.jpg','2021-01-06 11:53:58.091409','2021-01-09 16:46:19.305663',128,1,1,'','Picture_9','','','',27,0,'','','','',''),(281,'281.jpg','2021-01-06 11:58:21.688884','2021-01-08 19:48:38.370456',129,1,1,'','Picture_4','','','',25,0,'','','','',''),(282,NULL,'2021-01-06 11:59:59.408724','2021-01-08 17:36:56.420919',130,1,4,'_259','Children furniture','','/toys/kids-furniture/','',24,0,'','','','',''),(283,NULL,'2021-01-06 12:00:06.987166','2021-01-08 17:37:12.756110',131,1,4,'_259','Lucy&Leo kitchen toy','','/toys/ll_kitchen/','',24,0,'','','','',''),(284,NULL,'2021-01-06 12:00:12.199651','2021-01-08 20:15:22.032445',132,1,4,'_259','Lucy&Leo workbench toy','','/toys/ll_workbench/','',24,0,'','','','',''),(285,NULL,'2021-01-06 12:08:17.754545','2021-01-06 12:08:17.754579',114,1,1,'','Без названия','','','',28,0,'','','','Wooden toy \"transformer\" kitchen for kids<br><br>\r\n\r\nLucy &amp; Leo is a russian brand, based in Irkoutsk, Siberia. They are developping responsible educational wooden toys for children. On the one side it is a kitchen, and on the other side a shop, so that the children can play to make the food and sell it.\r\nThe assembly is made by the kid and his parents thanks to big screws on the side, allowing it to be delivered flat-packed',''),(286,'286.jpg','2021-01-06 12:08:17.759154','2021-01-06 12:08:17.759175',115,1,1,'','Без названия',NULL,NULL,NULL,28,0,NULL,NULL,NULL,NULL,NULL),(287,'287.jpg','2021-01-06 12:08:17.764959','2021-01-06 12:08:17.764978',116,1,1,'','Без названия',NULL,NULL,NULL,28,0,NULL,NULL,NULL,NULL,NULL),(288,'288.jpg','2021-01-06 12:08:17.769083','2021-01-06 12:08:17.769101',117,1,1,'','Без названия',NULL,NULL,NULL,28,0,NULL,NULL,NULL,NULL,NULL),(289,'289.jpg','2021-01-06 12:08:49.024004','2021-01-06 12:08:49.024034',133,1,1,'','Без названия',NULL,NULL,NULL,28,0,NULL,NULL,NULL,NULL,NULL),(290,'290.jpg','2021-01-06 12:08:50.802788','2021-01-06 12:08:50.802805',134,1,1,'','Без названия',NULL,NULL,NULL,28,0,NULL,NULL,NULL,NULL,NULL),(291,NULL,'2021-01-06 17:27:11.739676','2021-01-06 17:40:56.265594',94,1,1,'','Industrial','','','',29,0,'','','','',''),(292,NULL,'2021-01-06 17:27:11.744642','2021-01-08 16:28:21.173498',101,1,1,'_291','Text_1','','','',29,0,'','','','<div>The product must be competitive and attractive.&nbsp;<span style=\"background-color: initial;\">How to produce a product that meets these conditions? Industrial design becomes an integral part of product&nbsp;<br></span></div>',''),(293,NULL,'2021-01-06 17:27:11.749142','2021-01-08 16:28:27.473699',102,1,1,'_291','Text_2','','','',29,0,'','','','design, improvement, and commercial success.&nbsp;Without a harmonious and functional design,&nbsp;it is impossible to compete in the modern market.&nbsp;<br>',''),(294,NULL,'2021-01-06 17:27:11.753802','2021-01-08 15:56:52.959386',103,1,1,'_291','Text_3','','','',29,0,'','','','We develop an up-to-date design of consumer goods, toys and electronic devices.<br>',''),(295,NULL,'2021-01-06 17:27:11.759361','2021-01-06 17:27:11.759381',95,1,1,'','Работы',NULL,NULL,'items',29,0,NULL,NULL,NULL,NULL,NULL),(296,'296.jpg','2021-01-06 17:27:11.763359','2021-01-08 17:20:46.865937',96,1,1,'_295','Amani Panic button ring','','/industrial/amani/','',29,0,'','','','Panic button that sends an alert to the emergency contacts<br>',''),(297,'297.jpg','2021-01-06 17:27:11.779364','2021-01-09 16:01:14.594767',97,1,1,'_295','Humidifier for kids','','/industrial/humidifier/','',29,0,'','','','This air humidifier is designed to benefit children with respiratory symptoms or dry skin.&nbsp;',''),(298,'298.jpg','2021-01-06 17:27:11.787488','2021-01-09 16:01:57.094969',98,1,1,'_295','Internet gateway','','/industrial/internet-gateway/','',29,0,'','','','The aim is to design a sleek but elegant internet gateway to fit every living room.<br>',''),(299,'299.jpg','2021-01-06 17:27:11.841863','2021-01-09 16:02:21.766037',99,1,1,'_295','Tikino video-projector','','/industrial/tikino/','',29,0,'','','','Tikini is a video-projector for children, projecting educational and interactive content. It\'s shape evokes a telescope or a vintage camera, with a rounded edge to facilitate the child\'s handling and safety.&nbsp;',''),(300,'300.jpg','2021-01-06 17:27:11.851858','2021-01-09 16:02:56.214347',100,1,1,'_295','OWA wifi extender','','/industrial/wifi-extender/','',29,0,'','','','Simple portable wi-fi extender to carry with you anywhere in the house.',''),(301,NULL,'2021-01-06 17:34:56.073813','2021-01-06 17:34:56.073839',94,1,1,'','Identity',NULL,NULL,NULL,32,0,NULL,NULL,NULL,NULL,NULL),(302,NULL,'2021-01-06 17:34:56.078251','2021-01-08 16:40:18.429567',101,1,1,'_301','P_1','','','',32,0,'','','','<div>A characteristic feature of the modern market is a high level of competition. In such conditions, it is not enough just to release a quality product.&nbsp;</div>',''),(303,NULL,'2021-01-06 17:34:56.082825','2021-01-08 16:40:26.238926',102,1,1,'_301','P_2','','','',32,0,'','','','It is equally important to present it correctly to potential consumers.&nbsp;<br>',''),(304,NULL,'2021-01-06 17:34:56.087344','2021-01-08 16:40:30.966002',103,1,1,'_301','P_3','','','',32,0,'','','','The original memorable packaging design helps in solving this problem.<br>',''),(305,NULL,'2021-01-06 17:34:56.094243','2021-01-06 17:34:56.094281',95,1,1,'','Работы',NULL,NULL,'items',32,0,NULL,NULL,NULL,NULL,NULL),(306,'306.jpg','2021-01-06 17:34:56.098856','2021-01-09 16:04:19.962568',96,1,1,'_305','Darts game','','/packaging/darts-game/','',32,0,'','','','Darts game\'s toy and package for USA market.<br>',''),(307,'307.jpg','2021-01-06 17:34:56.108671','2021-01-09 16:06:03.318186',97,1,1,'_305','H2 WATER package','','/packaging/h2-water/','',32,0,'','','','Package for&nbsp;H2 water based on Japan concept.',''),(308,'308.jpg','2021-01-06 17:34:56.114863','2021-01-09 16:05:46.771658',98,1,1,'_305','Ice cream package','','/packaging/ice-cream-basic/','',32,0,'','','','Package design for a ice cream.',''),(309,'309.jpg','2021-01-06 17:34:56.121230','2021-01-09 16:08:13.453256',99,1,1,'_305','Arman bread package','','/packaging/arman-bread/','',32,0,'','','','Package of&nbsp;steamed bread for Arman company.',''),(310,'310.jpg','2021-01-06 17:34:56.128472','2021-01-09 16:08:56.153869',100,1,1,'_305','INATECK Car charger package','','/packaging/inateck/','',32,0,'','','','2-port rapid car charger\'s package design.',''),(311,NULL,'2021-01-06 17:35:51.174589','2021-01-06 17:35:51.174612',94,1,1,'','Identity',NULL,NULL,NULL,33,0,NULL,NULL,NULL,NULL,NULL),(312,NULL,'2021-01-06 17:35:51.179571','2021-01-08 17:55:30.382450',101,1,1,'_311','P_1','','','',33,0,'','','','<div>Online branding is the most important business engine&nbsp;<span style=\"background-color: initial;\">in the modern world. Structured content allows you to work correctly to attract</span></div>',''),(313,NULL,'2021-01-06 17:35:51.184351','2021-01-08 17:55:39.957160',102,1,1,'_311','P_2','','','',33,0,'','','','new customers and work with existing ones.&nbsp;Our task is to design web user interfaces, websites,&nbsp;or web applications.&nbsp;<br>',''),(314,NULL,'2021-01-06 17:35:51.188357','2021-01-08 17:53:40.734201',103,1,1,'_311','P_3','','','',33,0,'','','','Unique design for each specific client, to provide high consumer properties and aesthetic qualities.<br>',''),(315,NULL,'2021-01-06 17:35:51.192292','2021-01-06 17:35:51.192308',95,1,1,'','Работы',NULL,NULL,'items',33,0,NULL,NULL,NULL,NULL,NULL),(316,'316.jpg','2021-01-06 17:35:51.196539','2021-01-09 16:12:01.452818',96,1,1,'_315','LSHBC','','/web/lshbc/','',33,0,'','','','Website for Shanghai Leo Business Consult Company.<br>',''),(317,'317.jpg','2021-01-06 17:35:51.206417','2021-01-09 16:10:35.451981',97,1,1,'_315','MotorData','','/web/motor-data/','',33,0,'','','','Widgets for auto diagnostic application.',''),(318,'318.jpg','2021-01-06 17:35:51.212790','2021-01-09 16:10:53.522877',98,1,1,'_315','Naviaddress','','/web/navi-social/','',33,0,'','','','Accounts design for social networks.',''),(319,'319.jpg','2021-01-06 17:35:51.217900','2021-01-09 16:11:19.896965',99,1,1,'_315','Jumbo Toys website','','/web/jumbo/','',33,0,'','','','Company website for Jumbo Toys.',''),(320,'320.jpg','2021-01-06 17:35:51.224013','2021-01-09 16:11:39.527106',100,1,1,'_315','Lucy&Leo Taobao shop','','/web/ll-taobao/','',33,0,'','','','Taobao shop for&nbsp;Lucy&amp;Leo.',''),(321,NULL,'2021-01-06 17:45:32.080672','2021-01-06 17:47:12.134848',135,1,4,'','Industrial','','/industrial/','',24,0,'','','','',''),(323,NULL,'2021-01-06 17:47:21.654400','2021-01-08 17:20:51.472066',136,1,4,'_321','Amani Panic button ring','','/industrial/amani/','',24,0,'','','','',''),(324,NULL,'2021-01-06 17:47:58.848095','2021-01-08 20:15:49.966002',137,1,4,'_321','Humidifier for kids','','/industrial/humidifier/','',24,0,'','','','',''),(325,NULL,'2021-01-06 17:48:31.420966','2021-01-08 21:44:28.428129',138,1,4,'_321','Internet gateway','','/industrial/internet-gateway/','',24,0,'','','','',''),(326,NULL,'2021-01-06 17:50:24.919818','2021-01-09 16:27:07.586492',114,1,1,'','Text','','','',34,0,'','','','Wooden toy \"transformer\" kitchen for kids<br><br>\r\n\r\nLucy &amp; Leo is a russian brand, based in Irkoutsk, Siberia. They are developping responsible educational wooden toys for children. On the one side it is a kitchen, and on the other side a shop, so that the children can play to make the food and sell it.\r\nThe assembly is made by the kid and his parents thanks to big screws on the side, allowing it to be delivered flat-packed',''),(327,'327.jpg','2021-01-06 17:50:24.924374','2021-01-09 16:27:15.762363',115,1,1,'','Picture_1','','','',34,0,'','','','',''),(328,'328.jpg','2021-01-06 17:50:24.931778','2021-01-09 16:27:18.712284',116,1,1,'','Picture_2','','','',34,0,'','','','',''),(329,'329.jpg','2021-01-06 17:50:24.940198','2021-01-09 16:27:22.662811',117,1,1,'','Picture_3','','','',34,0,'','','','',''),(330,'330.jpg','2021-01-06 17:51:39.813291','2021-01-09 16:27:26.500675',139,1,1,'','Picture_4','','','',34,0,'','','','',''),(331,NULL,'2021-01-08 12:09:14.633119','2021-01-08 12:09:14.633140',140,1,4,'','Web',NULL,'/web/',NULL,24,0,NULL,NULL,NULL,NULL,NULL),(333,NULL,'2021-01-08 12:09:59.037542','2021-01-08 12:09:59.037565',141,1,4,'','Packaging',NULL,'/packaging/',NULL,24,0,NULL,NULL,NULL,NULL,NULL),(334,NULL,'2021-01-08 12:10:13.246768','2021-01-08 12:10:13.246794',142,1,4,'','Illustration',NULL,'/illustration/',NULL,24,0,NULL,NULL,NULL,NULL,NULL),(335,NULL,'2021-01-08 13:05:27.664872','2021-01-08 18:50:09.028654',143,1,4,'_258','Empy','','/identity/empy/','',24,0,'','','','',''),(336,NULL,'2021-01-08 13:05:50.893004','2021-01-08 19:52:58.295543',144,1,4,'_258','HOGOKIDS','','/identity/hogokids/','',24,0,'','','','',''),(337,NULL,'2021-01-08 13:06:14.661173','2021-01-08 19:53:04.408267',145,1,4,'_258','MEA','','/identity/mea/','',24,0,'','','','',''),(338,NULL,'2021-01-08 13:22:14.146685','2021-01-08 20:15:27.888175',146,1,4,'_259','Lucy&Leo Forest Tree Wall Toy','','/toys/ll-mountain/','',24,0,'','','','',''),(340,NULL,'2021-01-08 13:22:51.353314','2021-01-08 20:15:34.953948',148,1,4,'_259','UFO pool with fountain','','/toys/ufo-splashpool/','',24,0,'','','','',''),(342,NULL,'2021-01-08 13:25:27.140917','2021-01-09 16:02:13.943926',150,1,4,'_321','Tikino video-projector','','/industrial/tikino/','',24,0,'','','','',''),(345,NULL,'2021-01-08 13:26:59.899558','2021-01-08 20:15:41.058832',152,1,4,'_259','Obro Space knocking toy','','/toys/obro-space/','',24,0,'','','','',''),(346,NULL,'2021-01-08 13:27:31.071736','2021-01-08 20:16:11.160373',153,1,4,'_321','Kids Helmet','','/industrial/kids-helmet/','',24,0,'','','','',''),(347,'347.jpg','2021-01-08 13:28:09.136423','2021-01-08 20:16:17.861614',154,1,4,'_321','OWA wifi extender','','/industrial/wifi-extender/','',24,0,'','','','Simple portable wi-fi extender to carry with you anywhere in the house.',''),(349,NULL,'2021-01-08 13:29:04.772798','2021-01-08 20:16:30.672063',155,1,4,'_331','LSHBC','','/web/lshbc/','',24,0,'','','','',''),(350,NULL,'2021-01-08 13:29:15.696065','2021-01-08 20:17:02.555017',156,1,4,'_331','Motor Data','','/web/motor-data/','',24,0,'','','','',''),(351,NULL,'2021-01-08 13:29:24.396766','2021-01-08 20:17:12.313773',157,1,4,'_331','Naviaddress','','/web/navi-social/','',24,0,'','','','',''),(352,NULL,'2021-01-08 13:29:39.506657','2021-01-08 20:17:22.093215',158,1,4,'_331','Jumbo Toys website','','/web/jumbo/','',24,0,'','','','',''),(354,NULL,'2021-01-08 13:30:03.088916','2021-01-08 20:17:31.693606',159,1,4,'_331','Lucy&Leo Taobao shop','','/web/ll-taobao/','',24,0,'','','','',''),(356,NULL,'2021-01-08 13:30:33.129944','2021-01-08 20:17:39.440261',160,1,4,'_331','OBRO Toys Taobao shop','','/web/obro-taobao/','',24,0,'','','','',''),(357,NULL,'2021-01-08 13:31:37.933327','2021-01-08 20:17:51.960726',161,1,4,'_333','Darts game','','/packaging/darts-game/','',24,0,'','','','',''),(358,NULL,'2021-01-08 13:31:52.372171','2021-01-08 20:18:02.564231',162,1,4,'_333','H2 WATER','','/packaging/h2-water/','',24,0,'','','','',''),(359,NULL,'2021-01-08 13:32:10.525919','2021-01-08 20:18:11.567558',163,1,4,'_333','Ice cream','','/packaging/ice-cream-basic/','',24,0,'','','','',''),(360,NULL,'2021-01-08 13:32:29.129303','2021-01-08 20:18:21.730203',164,1,4,'_333','Arman bread','','/packaging/arman-bread/','',24,0,'','','','',''),(361,NULL,'2021-01-08 13:32:48.056700','2021-01-08 20:18:30.976374',165,1,4,'_333','INATECK Car charger','','/packaging/inateck/','',24,0,'','','','',''),(362,NULL,'2021-01-08 13:32:59.484382','2021-01-08 20:18:39.750017',166,1,4,'_333','YALIDA package','','/packaging/yalida/','',24,0,'','','','',''),(365,NULL,'2021-01-08 13:34:17.199849','2021-01-08 20:18:53.452276',167,1,4,'_334','Lucy&Leo Singing Cats','','/illustration/ll-singing-cats/','',24,0,'','','','',''),(366,NULL,'2021-01-08 13:34:28.728847','2021-01-08 20:19:07.601312',168,1,4,'_334','Lucy&Leo Jazz birds','','/illustration/ll-xylo-jazzbirds/','',24,0,'','','','',''),(367,NULL,'2021-01-08 13:34:36.305304','2021-01-08 20:19:29.689038',169,1,4,'_334','MEA Service infographics','','/illustration/mea-service-illustrations/','',24,0,'','','','',''),(368,NULL,'2021-01-08 13:34:47.747675','2021-01-08 20:19:38.059112',170,1,4,'_334','Air toys','','/illustration/air-figures/','',24,0,'','','','',''),(369,NULL,'2021-01-08 13:36:40.385946','2021-01-08 20:19:46.042736',171,1,4,'_334','Dino tent','','/illustration/dino-tent/','',24,0,'','','','',''),(370,NULL,'2021-01-08 13:36:47.232064','2021-01-08 20:19:54.688413',172,1,4,'_334','OBRO cubes','','/illustration/obro-cubes/','',24,0,'','','','',''),(371,'371.jpg','2021-01-08 14:15:24.784474','2021-01-09 15:58:50.037884',173,1,1,'_218','Empy','','/identity/empy/','',20,0,'','','','Pet accessories manufacturer logo.',''),(372,'372.jpg','2021-01-08 14:15:40.606538','2021-01-09 15:59:11.806040',174,1,1,'_218','HOGOKIDS','','/identity/hogokids/','',20,0,'','','','Cube toys manufacturer logo',''),(373,'373.jpg','2021-01-08 14:15:52.725349','2021-01-09 15:59:23.655527',175,1,1,'_218','MEA','','/identity/mea/','',20,0,'','','','Logo for marketing agency',''),(374,'374.jpg','2021-01-08 14:45:23.594837','2021-01-09 15:58:00.476660',176,1,1,'_228','Air toys','','/illustration/air-figures/','',21,0,'','','','Illustrations for air toys<br>',''),(375,'375.jpg','2021-01-08 15:11:45.983619','2021-01-09 15:59:50.810655',177,1,1,'_248','Lucy&Leo Forest Tree Wall Toy','','/toys/ll-mountain/','',22,0,'','','','Forest Tree style illustration for wall toy<br>',''),(377,'377.jpg','2021-01-08 15:21:03.707877','2021-01-09 16:00:06.071349',178,1,1,'_248','Obro Space knocking toy','','/toys/obro-space/','',22,0,'','','','Space style knocking toy',''),(379,'379.jpg','2021-01-08 15:24:11.720283','2021-01-09 16:00:16.764188',179,1,1,'_248','UFO pool with fountain','','/toys/ufo-splashpool/','',22,0,'','','','Alien and space style&nbsp;pool with fountain',''),(381,'381.jpg','2021-01-08 16:14:34.633218','2021-01-09 16:02:46.140803',180,1,1,'_295','Kids Helmet','','/industrial/kids-helmet/','',29,0,'','','','Suitable for every day using children helm. Design for Head company.<br>',''),(382,'382.jpg','2021-01-08 16:58:13.051559','2021-01-09 16:09:18.086307',181,1,1,'_305','YALIDA package','','/packaging/yalida/','',32,0,'','','','Self drilling screw\'s package.',''),(383,'383.jpg','2021-01-08 18:21:30.001554','2021-01-09 16:11:53.725669',182,1,1,'_315','OBRO Toys Taobao shop','','/web/obro-taobao/','',33,0,'','','','Taobao shop for&nbsp;OBRO Toys.',''),(384,NULL,'2021-01-08 18:36:17.721801','2021-01-08 18:37:45.676477',114,1,1,'','Text','','','',35,0,'','','','Pet accessories manufacturer logo.',''),(385,'385.jpg','2021-01-08 18:36:17.726346','2021-01-08 18:40:47.940765',115,1,1,'','Picture_1','','','',35,0,'','','','',''),(386,'386.jpg','2021-01-08 18:36:17.747783','2021-01-08 18:41:26.112502',116,1,1,'','Picture_2','','','',35,0,'','','','',''),(387,'387.jpg','2021-01-08 18:36:17.755598','2021-01-09 16:25:28.764090',117,1,1,'','Picture_3','','','',35,0,'','','','',''),(388,NULL,'2021-01-08 18:54:21.091032','2021-01-08 19:02:17.628928',114,1,1,'','Text','','','',36,0,'','','','Hunting camera manufacturer\'s logo.',''),(389,'389.jpg','2021-01-08 18:54:21.096280','2021-01-08 18:54:21.096312',115,1,1,'','Picture_1','','','',36,0,'','','','',''),(390,'390.jpg','2021-01-08 18:54:21.103748','2021-01-08 18:54:21.103780',116,1,1,'','Picture_2','','','',36,0,'','','','',''),(391,'391.jpg','2021-01-08 18:54:21.112294','2021-01-08 18:54:21.112320',117,1,1,'','Picture_3','','','',36,0,'','','','',''),(392,'392.jpg','2021-01-08 18:55:21.166680','2021-01-08 18:56:30.970111',183,1,1,'','Picture_4','','','',36,0,'','','','',''),(393,'393.jpg','2021-01-08 18:55:27.826817','2021-01-09 16:24:31.766397',184,1,1,'','Picture_5','','','',36,0,'','','','',''),(394,'394.jpg','2021-01-08 18:55:31.088026','2021-01-08 18:56:37.066453',185,1,1,'','Picture_6','','','',36,0,'','','','',''),(395,'395.jpg','2021-01-08 18:55:36.516807','2021-01-08 18:56:40.342931',186,1,1,'','Picture_7','','','',36,0,'','','','',''),(396,'396.jpg','2021-01-08 18:55:38.074798','2021-01-08 18:56:46.628798',187,1,1,'','Picture_8','','','',36,0,'','','','',''),(397,'397.jpg','2021-01-08 18:55:39.806381','2021-01-08 18:58:09.312695',188,1,1,'','Picture_9','','','',36,0,'','','','',''),(398,NULL,'2021-01-08 19:51:07.097413','2021-01-08 19:51:07.097438',114,1,1,'','Text','','','',37,0,'','','','Wooden toy \"transformer\" kitchen for kids<br><br>\r\n\r\nLucy &amp; Leo is a russian brand, based in Irkoutsk, Siberia. They are developping responsible educational wooden toys for children. On the one side it is a kitchen, and on the other side a shop, so that the children can play to make the food and sell it.\r\nThe assembly is made by the kid and his parents thanks to big screws on the side, allowing it to be delivered flat-packed',''),(399,'399.jpg','2021-01-08 19:51:07.102982','2021-01-08 20:21:03.421479',115,1,1,'','Picture_1','','','',37,0,'','','','',''),(400,'400.jpg','2021-01-08 19:51:07.109080','2021-01-08 20:21:18.016722',116,1,1,'','Picture_2','','','',37,0,'','','','',''),(401,'401.jpg','2021-01-08 19:51:07.113822','2021-01-08 20:21:26.665429',117,1,1,'','Picture_3','','','',37,0,'','','','',''),(402,NULL,'2021-01-08 19:52:21.678524','2021-01-08 19:52:21.678555',114,1,1,'','Text','','','',38,0,'','','','Wooden toy \"transformer\" kitchen for kids<br><br>\r\n\r\nLucy &amp; Leo is a russian brand, based in Irkoutsk, Siberia. They are developping responsible educational wooden toys for children. On the one side it is a kitchen, and on the other side a shop, so that the children can play to make the food and sell it.\r\nThe assembly is made by the kid and his parents thanks to big screws on the side, allowing it to be delivered flat-packed',''),(403,'403.jpg','2021-01-08 19:52:21.683273','2021-01-08 20:24:25.495381',115,1,1,'','Picture_1','','','',38,0,'','','','',''),(404,'404.jpg','2021-01-08 19:52:21.689690','2021-01-08 20:24:34.372933',116,1,1,'','Picture_2','','','',38,0,'','','','',''),(405,'405.jpg','2021-01-08 19:52:21.696546','2021-01-08 20:24:44.452833',117,1,1,'','Picture_3','','','',38,0,'','','','',''),(406,NULL,'2021-01-08 19:53:43.902743','2021-01-08 19:53:43.902764',114,1,1,'','Text','','','',39,0,'','','','Wooden toy \"transformer\" kitchen for kids<br><br>\r\n\r\nLucy &amp; Leo is a russian brand, based in Irkoutsk, Siberia. They are developping responsible educational wooden toys for children. On the one side it is a kitchen, and on the other side a shop, so that the children can play to make the food and sell it.\r\nThe assembly is made by the kid and his parents thanks to big screws on the side, allowing it to be delivered flat-packed',''),(407,'255.jpg','2021-01-08 19:53:43.907011','2021-01-08 19:53:43.907030',115,1,1,'','Picture_1','','','',39,0,'','','','',''),(408,'256.jpg','2021-01-08 19:53:43.912101','2021-01-08 19:53:43.912117',116,1,1,'','Picture_2','','','',39,0,'','','','',''),(409,'257.jpg','2021-01-08 19:53:43.917550','2021-01-08 19:53:43.917574',117,1,1,'','Picture_3','','','',39,0,'','','','',''),(414,NULL,'2021-01-08 19:55:27.744520','2021-01-08 19:55:27.744541',114,1,1,'','Text','','','',41,0,'','','','Wooden toy \"transformer\" kitchen for kids<br><br>\r\n\r\nLucy &amp; Leo is a russian brand, based in Irkoutsk, Siberia. They are developping responsible educational wooden toys for children. On the one side it is a kitchen, and on the other side a shop, so that the children can play to make the food and sell it.\r\nThe assembly is made by the kid and his parents thanks to big screws on the side, allowing it to be delivered flat-packed',''),(415,'415.jpg','2021-01-08 19:55:27.749269','2021-01-08 20:26:25.702425',115,1,1,'','Picture_1','','','',41,0,'','','','',''),(416,'416.jpg','2021-01-08 19:55:27.755153','2021-01-08 20:26:34.329245',116,1,1,'','Picture_2','','','',41,0,'','','','',''),(417,'417.jpg','2021-01-08 19:55:27.760150','2021-01-08 20:26:44.054383',117,1,1,'','Picture_3','','','',41,0,'','','','',''),(418,NULL,'2021-01-08 19:56:06.649047','2021-01-08 19:56:06.649079',114,1,1,'','Text','','','',42,0,'','','','Wooden toy \"transformer\" kitchen for kids<br><br>\r\n\r\nLucy &amp; Leo is a russian brand, based in Irkoutsk, Siberia. They are developping responsible educational wooden toys for children. On the one side it is a kitchen, and on the other side a shop, so that the children can play to make the food and sell it.\r\nThe assembly is made by the kid and his parents thanks to big screws on the side, allowing it to be delivered flat-packed',''),(419,'419.jpg','2021-01-08 19:56:06.654560','2021-01-08 20:29:23.175881',115,1,1,'','Picture_1','','','',42,0,'','','','',''),(420,'420.jpg','2021-01-08 19:56:06.660270','2021-01-08 19:56:06.660296',116,1,1,'','Picture_2','','','',42,0,'','','','',''),(421,'421.jpg','2021-01-08 19:56:06.666614','2021-01-08 19:56:06.666642',117,1,1,'','Picture_3','','','',42,0,'','','','',''),(422,NULL,'2021-01-08 19:56:38.369716','2021-01-08 19:56:38.369738',114,1,1,'','Text','','','',43,0,'','','','Wooden toy \"transformer\" kitchen for kids<br><br>\r\n\r\nLucy &amp; Leo is a russian brand, based in Irkoutsk, Siberia. They are developping responsible educational wooden toys for children. On the one side it is a kitchen, and on the other side a shop, so that the children can play to make the food and sell it.\r\nThe assembly is made by the kid and his parents thanks to big screws on the side, allowing it to be delivered flat-packed',''),(423,'423.jpg','2021-01-08 19:56:38.374667','2021-01-08 19:56:38.374686',115,1,1,'','Picture_1','','','',43,0,'','','','',''),(424,'424.jpg','2021-01-08 19:56:38.380895','2021-01-08 19:56:38.380924',116,1,1,'','Picture_2','','','',43,0,'','','','',''),(425,'425.jpg','2021-01-08 19:56:38.387374','2021-01-08 19:56:38.387401',117,1,1,'','Picture_3','','','',43,0,'','','','',''),(426,NULL,'2021-01-08 19:57:33.924885','2021-01-08 19:57:33.924907',114,1,1,'','Text','','','',44,0,'','','','Wooden toy \"transformer\" kitchen for kids<br><br>\r\n\r\nLucy &amp; Leo is a russian brand, based in Irkoutsk, Siberia. They are developping responsible educational wooden toys for children. On the one side it is a kitchen, and on the other side a shop, so that the children can play to make the food and sell it.\r\nThe assembly is made by the kid and his parents thanks to big screws on the side, allowing it to be delivered flat-packed',''),(427,'427.jpg','2021-01-08 19:57:33.930368','2021-01-08 19:57:33.930399',115,1,1,'','Picture_1','','','',44,0,'','','','',''),(428,'428.jpg','2021-01-08 19:57:33.939146','2021-01-08 19:57:33.939192',116,1,1,'','Picture_2','','','',44,0,'','','','',''),(429,'429.jpg','2021-01-08 19:57:33.960493','2021-01-08 19:57:33.960522',117,1,1,'','Picture_3','','','',44,0,'','','','',''),(430,NULL,'2021-01-08 19:58:40.310714','2021-01-08 19:58:40.310736',114,1,1,'','Text','','','',45,0,'','','','Wooden toy \"transformer\" kitchen for kids<br><br>\r\n\r\nLucy &amp; Leo is a russian brand, based in Irkoutsk, Siberia. They are developping responsible educational wooden toys for children. On the one side it is a kitchen, and on the other side a shop, so that the children can play to make the food and sell it.\r\nThe assembly is made by the kid and his parents thanks to big screws on the side, allowing it to be delivered flat-packed',''),(431,'431.jpg','2021-01-08 19:58:40.315528','2021-01-08 19:58:40.315549',115,1,1,'','Picture_1','','','',45,0,'','','','',''),(432,'432.jpg','2021-01-08 19:58:40.321582','2021-01-08 19:58:40.321609',116,1,1,'','Picture_2','','','',45,0,'','','','',''),(433,'433.jpg','2021-01-08 19:58:40.326567','2021-01-08 21:14:45.881215',117,1,1,'','Picture_3','','','',45,0,'','','','',''),(434,NULL,'2021-01-08 19:59:22.780253','2021-01-08 19:59:22.780273',114,1,1,'','Text','','','',46,0,'','','','Wooden toy \"transformer\" kitchen for kids<br><br>\r\n\r\nLucy &amp; Leo is a russian brand, based in Irkoutsk, Siberia. They are developping responsible educational wooden toys for children. On the one side it is a kitchen, and on the other side a shop, so that the children can play to make the food and sell it.\r\nThe assembly is made by the kid and his parents thanks to big screws on the side, allowing it to be delivered flat-packed',''),(435,'435.jpg','2021-01-08 19:59:22.786092','2021-01-08 19:59:22.786109',115,1,1,'','Picture_1','','','',46,0,'','','','',''),(436,'436.jpg','2021-01-08 19:59:22.792038','2021-01-08 19:59:22.792059',116,1,1,'','Picture_2','','','',46,0,'','','','',''),(437,'437.jpg','2021-01-08 19:59:22.799203','2021-01-08 19:59:22.799219',117,1,1,'','Picture_3','','','',46,0,'','','','',''),(438,NULL,'2021-01-08 20:00:18.704738','2021-01-08 20:00:18.704765',114,1,1,'','Text','','','',47,0,'','','','Wooden toy \"transformer\" kitchen for kids<br><br>\r\n\r\nLucy &amp; Leo is a russian brand, based in Irkoutsk, Siberia. They are developping responsible educational wooden toys for children. On the one side it is a kitchen, and on the other side a shop, so that the children can play to make the food and sell it.\r\nThe assembly is made by the kid and his parents thanks to big screws on the side, allowing it to be delivered flat-packed',''),(439,'439.jpg','2021-01-08 20:00:18.708486','2021-01-08 20:00:18.708501',115,1,1,'','Picture_1','','','',47,0,'','','','',''),(440,'440.jpg','2021-01-08 20:00:18.714678','2021-01-08 20:00:18.714695',116,1,1,'','Picture_2','','','',47,0,'','','','',''),(441,'441.jpg','2021-01-08 20:00:18.720202','2021-01-08 20:00:18.720222',117,1,1,'','Picture_3','','','',47,0,'','','','',''),(442,NULL,'2021-01-08 20:00:55.677076','2021-01-08 20:00:55.677104',114,1,1,'','Text','','','',48,0,'','','','Wooden toy \"transformer\" kitchen for kids<br><br>\r\n\r\nLucy &amp; Leo is a russian brand, based in Irkoutsk, Siberia. They are developping responsible educational wooden toys for children. On the one side it is a kitchen, and on the other side a shop, so that the children can play to make the food and sell it.\r\nThe assembly is made by the kid and his parents thanks to big screws on the side, allowing it to be delivered flat-packed',''),(443,'443.jpg','2021-01-08 20:00:55.680842','2021-01-08 21:18:49.656207',115,1,1,'','Picture_1','','','',48,0,'','','','',''),(444,'444.jpg','2021-01-08 20:00:55.686821','2021-01-08 20:00:55.686846',116,1,1,'','Picture_2','','','',48,0,'','','','',''),(446,NULL,'2021-01-08 20:01:32.969862','2021-01-08 20:01:32.969946',114,1,1,'','Text','','','',49,0,'','','','Wooden toy \"transformer\" kitchen for kids<br><br>\r\n\r\nLucy &amp; Leo is a russian brand, based in Irkoutsk, Siberia. They are developping responsible educational wooden toys for children. On the one side it is a kitchen, and on the other side a shop, so that the children can play to make the food and sell it.\r\nThe assembly is made by the kid and his parents thanks to big screws on the side, allowing it to be delivered flat-packed',''),(447,'447.jpg','2021-01-08 20:01:32.975194','2021-01-08 20:01:32.975232',115,1,1,'','Picture_1','','','',49,0,'','','','',''),(448,'448.jpg','2021-01-08 20:01:32.980835','2021-01-08 20:01:32.980860',116,1,1,'','Picture_2','','','',49,0,'','','','',''),(449,'449.jpg','2021-01-08 20:01:32.984787','2021-01-08 20:01:32.984803',117,1,1,'','Picture_3','','','',49,0,'','','','',''),(450,NULL,'2021-01-08 20:02:04.313758','2021-01-08 20:02:04.313784',114,1,1,'','Text','','','',50,0,'','','','Wooden toy \"transformer\" kitchen for kids<br><br>\r\n\r\nLucy &amp; Leo is a russian brand, based in Irkoutsk, Siberia. They are developping responsible educational wooden toys for children. On the one side it is a kitchen, and on the other side a shop, so that the children can play to make the food and sell it.\r\nThe assembly is made by the kid and his parents thanks to big screws on the side, allowing it to be delivered flat-packed',''),(451,'451.jpg','2021-01-08 20:02:04.319503','2021-01-08 20:02:04.319525',115,1,1,'','Picture_1','','','',50,0,'','','','',''),(452,'452.jpg','2021-01-08 20:02:04.324980','2021-01-08 20:02:04.324998',116,1,1,'','Picture_2','','','',50,0,'','','','',''),(453,'453.jpg','2021-01-08 20:02:04.329586','2021-01-08 20:02:04.329618',117,1,1,'','Picture_3','','','',50,0,'','','','',''),(454,NULL,'2021-01-08 20:02:33.099190','2021-01-08 20:02:33.099224',114,1,1,'','Text','','','',51,0,'','','','Wooden toy \"transformer\" kitchen for kids<br><br>\r\n\r\nLucy &amp; Leo is a russian brand, based in Irkoutsk, Siberia. They are developping responsible educational wooden toys for children. On the one side it is a kitchen, and on the other side a shop, so that the children can play to make the food and sell it.\r\nThe assembly is made by the kid and his parents thanks to big screws on the side, allowing it to be delivered flat-packed',''),(455,'455.jpg','2021-01-08 20:02:33.104745','2021-01-08 20:02:33.104777',115,1,1,'','Picture_1','','','',51,0,'','','','',''),(456,'456.jpg','2021-01-08 20:02:33.113816','2021-01-08 20:02:33.113868',116,1,1,'','Picture_2','','','',51,0,'','','','',''),(457,'457.jpg','2021-01-08 20:02:33.120225','2021-01-08 20:02:33.120246',117,1,1,'','Picture_3','','','',51,0,'','','','',''),(458,NULL,'2021-01-08 20:02:56.735751','2021-01-08 20:02:56.735769',114,1,1,'','Text','','','',52,0,'','','','Wooden toy \"transformer\" kitchen for kids<br><br>\r\n\r\nLucy &amp; Leo is a russian brand, based in Irkoutsk, Siberia. They are developping responsible educational wooden toys for children. On the one side it is a kitchen, and on the other side a shop, so that the children can play to make the food and sell it.\r\nThe assembly is made by the kid and his parents thanks to big screws on the side, allowing it to be delivered flat-packed',''),(459,'459.jpg','2021-01-08 20:02:56.740015','2021-01-08 20:02:56.740032',115,1,1,'','Picture_1','','','',52,0,'','','','',''),(460,'460.jpg','2021-01-08 20:02:56.745394','2021-01-08 20:02:56.745411',116,1,1,'','Picture_2','','','',52,0,'','','','',''),(461,'461.jpg','2021-01-08 20:02:56.749257','2021-01-08 20:02:56.749278',117,1,1,'','Picture_3','','','',52,0,'','','','',''),(462,NULL,'2021-01-08 20:03:48.851812','2021-01-08 20:03:48.851839',114,1,1,'','Text','','','',53,0,'','','','Wooden toy \"transformer\" kitchen for kids<br><br>\r\n\r\nLucy &amp; Leo is a russian brand, based in Irkoutsk, Siberia. They are developping responsible educational wooden toys for children. On the one side it is a kitchen, and on the other side a shop, so that the children can play to make the food and sell it.\r\nThe assembly is made by the kid and his parents thanks to big screws on the side, allowing it to be delivered flat-packed',''),(463,'463.jpg','2021-01-08 20:03:48.856784','2021-01-08 20:03:48.856805',115,1,1,'','Picture_1','','','',53,0,'','','','',''),(464,'464.jpg','2021-01-08 20:03:48.863385','2021-01-08 20:03:48.863417',116,1,1,'','Picture_2','','','',53,0,'','','','',''),(465,'465.jpg','2021-01-08 20:03:48.868678','2021-01-08 20:03:48.868712',117,1,1,'','Picture_3','','','',53,0,'','','','',''),(466,NULL,'2021-01-08 20:05:10.401324','2021-01-08 20:05:10.401345',114,1,1,'','Text','','','',54,0,'','','','Wooden toy \"transformer\" kitchen for kids<br><br>\r\n\r\nLucy &amp; Leo is a russian brand, based in Irkoutsk, Siberia. They are developping responsible educational wooden toys for children. On the one side it is a kitchen, and on the other side a shop, so that the children can play to make the food and sell it.\r\nThe assembly is made by the kid and his parents thanks to big screws on the side, allowing it to be delivered flat-packed',''),(467,'467.jpg','2021-01-08 20:05:10.406589','2021-01-08 20:05:10.406616',115,1,1,'','Picture_1','','','',54,0,'','','','',''),(468,'468.jpg','2021-01-08 20:05:10.412943','2021-01-08 20:05:10.412963',116,1,1,'','Picture_2','','','',54,0,'','','','',''),(469,'469.jpg','2021-01-08 20:05:10.422000','2021-01-08 20:05:10.422040',117,1,1,'','Picture_3','','','',54,0,'','','','',''),(470,NULL,'2021-01-08 20:05:50.057001','2021-01-08 20:05:50.057023',114,1,1,'','Text','','','',55,0,'','','','Wooden toy \"transformer\" kitchen for kids<br><br>\r\n\r\nLucy &amp; Leo is a russian brand, based in Irkoutsk, Siberia. They are developping responsible educational wooden toys for children. On the one side it is a kitchen, and on the other side a shop, so that the children can play to make the food and sell it.\r\nThe assembly is made by the kid and his parents thanks to big screws on the side, allowing it to be delivered flat-packed',''),(471,'471.jpg','2021-01-08 20:05:50.062177','2021-01-08 20:05:50.062212',115,1,1,'','Picture_1','','','',55,0,'','','','',''),(472,'472.jpg','2021-01-08 20:05:50.068370','2021-01-08 20:05:50.068392',116,1,1,'','Picture_2','','','',55,0,'','','','',''),(473,'473.jpg','2021-01-08 20:05:50.073337','2021-01-08 20:05:50.073354',117,1,1,'','Picture_3','','','',55,0,'','','','',''),(474,NULL,'2021-01-08 20:08:14.707638','2021-01-08 20:08:14.707662',114,1,1,'','Text','','','',56,0,'','','','Wooden toy \"transformer\" kitchen for kids<br><br>\r\n\r\nLucy &amp; Leo is a russian brand, based in Irkoutsk, Siberia. They are developping responsible educational wooden toys for children. On the one side it is a kitchen, and on the other side a shop, so that the children can play to make the food and sell it.\r\nThe assembly is made by the kid and his parents thanks to big screws on the side, allowing it to be delivered flat-packed',''),(475,'475.jpg','2021-01-08 20:08:14.711841','2021-01-08 20:08:14.711857',115,1,1,'','Picture_1','','','',56,0,'','','','',''),(476,'476.jpg','2021-01-08 20:08:14.717674','2021-01-08 20:08:14.717691',116,1,1,'','Picture_2','','','',56,0,'','','','',''),(477,'477.jpg','2021-01-08 20:08:14.721899','2021-01-08 20:08:14.721916',117,1,1,'','Picture_3','','','',56,0,'','','','',''),(478,NULL,'2021-01-08 20:08:51.597453','2021-01-08 20:08:51.597477',114,1,1,'','Text','','','',57,0,'','','','Wooden toy \"transformer\" kitchen for kids<br><br>\r\n\r\nLucy &amp; Leo is a russian brand, based in Irkoutsk, Siberia. They are developping responsible educational wooden toys for children. On the one side it is a kitchen, and on the other side a shop, so that the children can play to make the food and sell it.\r\nThe assembly is made by the kid and his parents thanks to big screws on the side, allowing it to be delivered flat-packed',''),(479,'479.jpg','2021-01-08 20:08:51.601316','2021-01-08 20:08:51.601331',115,1,1,'','Picture_1','','','',57,0,'','','','',''),(480,'480.jpg','2021-01-08 20:08:51.606809','2021-01-09 16:30:16.612884',116,1,1,'','Picture_2','','','',57,0,'','','','',''),(482,NULL,'2021-01-08 20:09:36.249555','2021-01-08 20:09:36.249580',114,1,1,'','Text','','','',58,0,'','','','Wooden toy \"transformer\" kitchen for kids<br><br>\r\n\r\nLucy &amp; Leo is a russian brand, based in Irkoutsk, Siberia. They are developping responsible educational wooden toys for children. On the one side it is a kitchen, and on the other side a shop, so that the children can play to make the food and sell it.\r\nThe assembly is made by the kid and his parents thanks to big screws on the side, allowing it to be delivered flat-packed',''),(483,'483.jpg','2021-01-08 20:09:36.254936','2021-01-08 20:09:36.254957',115,1,1,'','Picture_1','','','',58,0,'','','','',''),(484,'484.jpg','2021-01-08 20:09:36.260633','2021-01-08 20:09:36.260649',116,1,1,'','Picture_2','','','',58,0,'','','','',''),(485,'485.jpg','2021-01-08 20:09:36.265742','2021-01-08 20:09:36.265769',117,1,1,'','Picture_3','','','',58,0,'','','','',''),(486,NULL,'2021-01-08 20:10:11.233337','2021-01-08 20:10:11.233357',114,1,1,'','Text','','','',59,0,'','','','Wooden toy \"transformer\" kitchen for kids<br><br>\r\n\r\nLucy &amp; Leo is a russian brand, based in Irkoutsk, Siberia. They are developping responsible educational wooden toys for children. On the one side it is a kitchen, and on the other side a shop, so that the children can play to make the food and sell it.\r\nThe assembly is made by the kid and his parents thanks to big screws on the side, allowing it to be delivered flat-packed',''),(487,'487.jpg','2021-01-08 20:10:11.237186','2021-01-08 20:10:11.237204',115,1,1,'','Picture_1','','','',59,0,'','','','',''),(490,NULL,'2021-01-08 20:10:43.138668','2021-01-08 20:10:43.138693',114,1,1,'','Text','','','',60,0,'','','','Wooden toy \"transformer\" kitchen for kids<br><br>\r\n\r\nLucy &amp; Leo is a russian brand, based in Irkoutsk, Siberia. They are developping responsible educational wooden toys for children. On the one side it is a kitchen, and on the other side a shop, so that the children can play to make the food and sell it.\r\nThe assembly is made by the kid and his parents thanks to big screws on the side, allowing it to be delivered flat-packed',''),(491,'491.jpg','2021-01-08 20:10:43.143619','2021-01-08 21:35:28.741002',115,1,1,'','Picture_1','','','',60,0,'','','','',''),(494,NULL,'2021-01-08 20:11:14.943440','2021-01-08 20:11:14.943464',114,1,1,'','Text','','','',61,0,'','','','Wooden toy \"transformer\" kitchen for kids<br><br>\r\n\r\nLucy &amp; Leo is a russian brand, based in Irkoutsk, Siberia. They are developping responsible educational wooden toys for children. On the one side it is a kitchen, and on the other side a shop, so that the children can play to make the food and sell it.\r\nThe assembly is made by the kid and his parents thanks to big screws on the side, allowing it to be delivered flat-packed',''),(495,'495.jpg','2021-01-08 20:11:14.947721','2021-01-08 21:36:00.578862',115,1,1,'','Picture_1','','','',61,0,'','','','',''),(498,NULL,'2021-01-08 20:11:47.200918','2021-01-08 20:11:47.200947',114,1,1,'','Text','','','',62,0,'','','','Wooden toy \"transformer\" kitchen for kids<br><br>\r\n\r\nLucy &amp; Leo is a russian brand, based in Irkoutsk, Siberia. They are developping responsible educational wooden toys for children. On the one side it is a kitchen, and on the other side a shop, so that the children can play to make the food and sell it.\r\nThe assembly is made by the kid and his parents thanks to big screws on the side, allowing it to be delivered flat-packed',''),(499,'499.jpg','2021-01-08 20:11:47.205648','2021-01-08 20:11:47.205667',115,1,1,'','Picture_1','','','',62,0,'','','','',''),(500,'500.jpg','2021-01-08 20:11:47.215366','2021-01-08 20:11:47.215394',116,1,1,'','Picture_2','','','',62,0,'','','','',''),(501,'501.jpg','2021-01-08 20:11:47.220925','2021-01-08 20:11:47.220949',117,1,1,'','Picture_3','','','',62,0,'','','','',''),(502,NULL,'2021-01-08 20:12:26.454022','2021-01-08 20:12:26.454048',114,1,1,'','Text','','','',63,0,'','','','Wooden toy \"transformer\" kitchen for kids<br><br>\r\n\r\nLucy &amp; Leo is a russian brand, based in Irkoutsk, Siberia. They are developping responsible educational wooden toys for children. On the one side it is a kitchen, and on the other side a shop, so that the children can play to make the food and sell it.\r\nThe assembly is made by the kid and his parents thanks to big screws on the side, allowing it to be delivered flat-packed',''),(503,'503.jpg','2021-01-08 20:12:26.459173','2021-01-08 20:12:26.459194',115,1,1,'','Picture_1','','','',63,0,'','','','',''),(504,'504.jpg','2021-01-08 20:12:26.465325','2021-01-08 21:38:48.280281',116,1,1,'','Picture_2','','','',63,0,'','','','',''),(506,NULL,'2021-01-08 20:12:58.046730','2021-01-08 20:12:58.046750',114,1,1,'','Text','','','',64,0,'','','','Wooden toy \"transformer\" kitchen for kids<br><br>\r\n\r\nLucy &amp; Leo is a russian brand, based in Irkoutsk, Siberia. They are developping responsible educational wooden toys for children. On the one side it is a kitchen, and on the other side a shop, so that the children can play to make the food and sell it.\r\nThe assembly is made by the kid and his parents thanks to big screws on the side, allowing it to be delivered flat-packed',''),(507,'507.jpg','2021-01-08 20:12:58.051874','2021-01-08 20:12:58.051897',115,1,1,'','Picture_1','','','',64,0,'','','','',''),(508,'508.jpg','2021-01-08 20:12:58.058432','2021-01-08 20:12:58.058488',116,1,1,'','Picture_2','','','',64,0,'','','','',''),(509,'509.jpg','2021-01-08 20:12:58.065813','2021-01-08 20:12:58.065852',117,1,1,'','Picture_3','','','',64,0,'','','','',''),(510,NULL,'2021-01-08 20:13:40.204737','2021-01-08 20:13:40.204765',114,1,1,'','Text','','','',65,0,'','','','Wooden toy \"transformer\" kitchen for kids<br><br>\r\n\r\nLucy &amp; Leo is a russian brand, based in Irkoutsk, Siberia. They are developping responsible educational wooden toys for children. On the one side it is a kitchen, and on the other side a shop, so that the children can play to make the food and sell it.\r\nThe assembly is made by the kid and his parents thanks to big screws on the side, allowing it to be delivered flat-packed',''),(511,'511.jpg','2021-01-08 20:13:40.213610','2021-01-09 16:27:57.163477',115,1,1,'','Picture_1','','','',65,0,'','','','',''),(512,'512.jpg','2021-01-08 20:13:40.218778','2021-01-08 20:13:40.218798',116,1,1,'','Picture_2','','','',65,0,'','','','',''),(513,'513.jpg','2021-01-08 20:13:40.224110','2021-01-08 20:13:40.224140',117,1,1,'','Picture_3','','','',65,0,'','','','',''),(514,NULL,'2021-01-08 20:14:19.609441','2021-01-08 20:14:19.609462',114,1,1,'','Text','','','',66,0,'','','','Wooden toy \"transformer\" kitchen for kids<br><br>\r\n\r\nLucy &amp; Leo is a russian brand, based in Irkoutsk, Siberia. They are developping responsible educational wooden toys for children. On the one side it is a kitchen, and on the other side a shop, so that the children can play to make the food and sell it.\r\nThe assembly is made by the kid and his parents thanks to big screws on the side, allowing it to be delivered flat-packed',''),(515,'515.jpg','2021-01-08 20:14:19.614257','2021-01-08 20:14:19.614340',115,1,1,'','Picture_1','','','',66,0,'','','','',''),(516,'516.jpg','2021-01-08 20:14:19.620538','2021-01-08 20:14:19.620573',116,1,1,'','Picture_2','','','',66,0,'','','','',''),(517,'517.jpg','2021-01-08 20:14:19.626670','2021-01-08 20:14:19.626694',117,1,1,'','Picture_3','','','',66,0,'','','','',''),(518,NULL,'2021-01-08 20:14:54.984955','2021-01-08 20:14:54.984982',114,1,1,'','Text','','','',67,0,'','','','Wooden toy \"transformer\" kitchen for kids<br><br>\r\n\r\nLucy &amp; Leo is a russian brand, based in Irkoutsk, Siberia. They are developping responsible educational wooden toys for children. On the one side it is a kitchen, and on the other side a shop, so that the children can play to make the food and sell it.\r\nThe assembly is made by the kid and his parents thanks to big screws on the side, allowing it to be delivered flat-packed',''),(519,'519.jpg','2021-01-08 20:14:54.990349','2021-01-08 20:14:54.990390',115,1,1,'','Picture_1','','','',67,0,'','','','',''),(520,'520.jpg','2021-01-08 20:14:55.001147','2021-01-08 20:14:55.001178',116,1,1,'','Picture_2','','','',67,0,'','','','',''),(521,'521.jpg','2021-01-08 20:14:55.007246','2021-01-08 20:14:55.007272',117,1,1,'','Picture_3','','','',67,0,'','','','',''),(522,'522.jpg','2021-01-08 20:24:50.000799','2021-01-08 20:25:06.266960',189,1,1,'','Picture_4','','','',38,0,'','','','',''),(523,'523.jpg','2021-01-08 20:26:50.519919','2021-01-09 16:31:51.656737',190,1,1,'','Picture_4','','','',41,0,'','','','',''),(524,'524.jpg','2021-01-08 20:26:52.894428','2021-01-09 16:39:19.558591',191,1,1,'','Picture_5','','','',41,0,'','','','',''),(525,'525.jpg','2021-01-08 20:29:11.267835','2021-01-08 20:29:53.122044',192,1,1,'','Picture_4','','','',42,0,'','','','',''),(526,'526.jpg','2021-01-08 21:07:29.153839','2021-01-08 21:07:42.862886',193,1,1,'','Picture_4','','','',43,0,'','','','',''),(527,'527.jpg','2021-01-08 21:08:48.969187','2021-01-08 21:09:11.101749',194,1,1,'','Picture_4','','','',44,0,'','','','',''),(528,'528.jpg','2021-01-08 21:08:52.657434','2021-01-08 21:09:41.110216',195,1,1,'','Picture_5','','','',44,0,'','','','',''),(529,'529.jpg','2021-01-08 21:09:36.887356','2021-01-08 21:09:46.173719',196,1,1,'','Picture_6','','','',44,0,'','','','',''),(530,'530.jpg','2021-01-08 21:09:49.007749','2021-01-08 21:10:02.440257',197,1,1,'','Picture_7','','','',44,0,'','','','',''),(531,'531.jpg','2021-01-08 21:09:51.188939','2021-01-08 21:11:13.570843',198,1,1,'','Picture_8','','','',44,0,'','','','',''),(532,'532.jpg','2021-01-08 21:15:26.027553','2021-01-09 16:29:09.789899',199,1,1,'','Picture_4','','','',46,0,'','','','',''),(533,'533.jpg','2021-01-08 21:16:48.901653','2021-01-08 21:16:54.333535',200,1,1,'','Picture_4','','','',47,0,'','','','',''),(534,'534.jpg','2021-01-08 21:16:50.212409','2021-01-08 21:17:45.595388',201,1,1,'','Picture_5','','','',47,0,'','','','',''),(535,'535.jpg','2021-01-08 21:19:29.403113','2021-01-08 21:20:03.248284',202,1,1,'','Picture_4','','','',49,0,'','','','',''),(536,'536.jpg','2021-01-08 21:20:49.873871','2021-01-08 21:21:15.076204',203,1,1,'','Picture_4','','','',50,0,'','','','',''),(537,'537.jpg','2021-01-08 21:21:47.013732','2021-01-08 21:22:25.787236',204,1,1,'','Picture_4','','','',51,0,'','','','',''),(538,'538.jpg','2021-01-08 21:23:24.396006','2021-01-08 21:23:33.700839',205,1,1,'','Picture_4','','','',52,0,'','','','',''),(539,'539.jpg','2021-01-08 21:23:26.399928','2021-01-08 21:23:41.679300',206,1,1,'','Picture_5','','','',52,0,'','','','',''),(540,'540.jpg','2021-01-08 21:23:27.434643','2021-01-08 21:23:45.344686',207,1,1,'','Picture_6','','','',52,0,'','','','',''),(541,'541.jpg','2021-01-08 21:23:28.481686','2021-01-08 21:23:50.657615',208,1,1,'','Picture_7','','','',52,0,'','','','',''),(542,'542.jpg','2021-01-08 21:23:29.774900','2021-01-08 21:26:35.843348',209,1,1,'','Picture_8','','','',52,0,'','','','',''),(543,'543.jpg','2021-01-08 21:27:21.276908','2021-01-08 21:27:48.134040',210,1,1,'','Picture_4','','','',53,0,'','','','',''),(544,'544.jpg','2021-01-08 21:28:16.290686','2021-01-08 21:28:45.162430',211,1,1,'','Picture_4','','','',54,0,'','','','',''),(545,'545.jpg','2021-01-08 21:29:10.209620','2021-01-08 21:29:14.772403',212,1,1,'','Picture_4','','','',55,0,'','','','',''),(546,'546.jpg','2021-01-08 21:29:11.318672','2021-01-08 21:29:56.307531',213,1,1,'','Picture_5','','','',55,0,'','','','',''),(547,'547.jpg','2021-01-08 21:30:30.799587','2021-01-08 21:30:36.242846',214,1,1,'','Picture_4','','','',56,0,'','','','',''),(548,'548.jpg','2021-01-08 21:30:31.868101','2021-01-08 21:31:37.373717',215,1,1,'','Picture_5','','','',56,0,'','','','',''),(549,'549.jpg','2021-01-08 21:30:33.283545','2021-01-09 16:28:36.126261',216,1,1,'','Picture_6','','','',56,0,'','','','',''),(550,'550.jpg','2021-01-08 21:33:11.653003','2021-01-08 21:33:18.889691',217,1,1,'','Picture_4','','','',58,0,'','','','',''),(551,'551.jpg','2021-01-08 21:33:13.271951','2021-01-08 21:33:25.711541',218,1,1,'','Picture_5','','','',58,0,'','','','',''),(552,'552.jpg','2021-01-08 21:33:15.938032','2021-01-08 21:34:23.471567',219,1,1,'','Picture_6','','','',58,0,'','','','',''),(553,'553.jpg','2021-01-08 21:36:44.053110','2021-01-08 21:37:58.552240',220,1,1,'','Picture_4','','','',62,0,'','','','',''),(554,'554.jpg','2021-01-08 21:39:14.133093','2021-01-08 21:39:40.416498',221,1,1,'','Picture_4','','','',64,0,'','','','',''),(555,'555.jpg','2021-01-08 21:39:58.354079','2021-01-08 21:40:25.884711',222,1,1,'','Picture_4','','','',65,0,'','','','',''),(556,'556.jpg','2021-01-08 21:40:48.755936','2021-01-08 21:40:55.278142',223,1,1,'','Picture_4','','','',66,0,'','','','',''),(557,'557.jpg','2021-01-08 21:40:50.005995','2021-01-08 21:41:02.877915',224,1,1,'','Picture_5','','','',66,0,'','','','',''),(558,'558.jpg','2021-01-08 21:40:51.285622','2021-01-08 21:41:45.706748',225,1,1,'','Picture_6','','','',66,0,'','','','',''),(559,'559.jpg','2021-01-08 21:42:03.465291','2021-01-08 21:42:09.864121',226,1,1,'','Picture_4','','','',67,0,'','','','',''),(560,'560.jpg','2021-01-08 21:42:04.755797','2021-01-09 16:34:58.556308',227,1,1,'','Picture_5','','','',67,0,'','','','',''),(561,'561.jpg','2021-01-08 21:42:06.256819','2021-01-08 21:42:58.092417',228,1,1,'','Picture_6','','','',67,0,'','','','',''),(565,NULL,'2021-01-09 13:58:07.980258','2021-01-09 13:58:07.980280',229,1,1,'','WeChat','','','wechat',1,0,'','','','Scan to WeChat<br>',''),(566,NULL,'2021-01-11 17:52:54.453346','2021-01-11 17:52:54.453373',1,1,1,'','texts',NULL,NULL,NULL,69,0,NULL,NULL,NULL,NULL,NULL),(567,NULL,'2021-01-11 17:52:54.457760','2021-01-11 17:52:54.457797',236,1,1,'_566','Без названия',NULL,NULL,NULL,69,0,NULL,NULL,NULL,'Hello! We are an international design studio specializing in graphic and industrial design. We are approached by people who need expert opinion and the services of professionals in the field of design. Furthermore, we always o er the most aesthetic and e ective solutions to problems',NULL),(568,NULL,'2021-01-11 17:52:54.462957','2021-01-11 17:52:54.462985',237,1,1,'_566','Без названия',NULL,NULL,NULL,69,0,NULL,NULL,NULL,'We live and do our job the way we like and prefer open and honest communication. This is reliable information and mutual interest in a project that brings results. We believe that the customer and the contractor are equal in the work on the project, so we are not afraid to express our honest opinion to you. We welcome people who share our beliefs and new challenges.',NULL),(569,NULL,'2021-01-11 17:52:54.468625','2021-01-11 17:52:54.468650',3,1,1,'','team',NULL,NULL,'people',69,0,NULL,NULL,NULL,NULL,NULL),(570,'152.png','2021-01-11 17:52:54.474247','2021-01-11 17:52:54.474287',1,1,1,'_569','IVAN','designer | creative director','/',NULL,69,0,NULL,NULL,NULL,'More than 9 years of experience in design and international art projects in Russia, China and Spain.<br><br>I love any form of design and prefer to combine original ideas with great passion and dedication. I get one simple method to achieve the big desired results - eclecticism, original ideas and a great love to my work.<br><br>\r\n\r\nMaster\'s degree in Design and Arts &amp; Crafts. Russian State Vocational Pedagogical University',NULL),(571,'153.png','2021-01-11 17:52:54.484526','2021-01-11 17:52:54.484547',2,1,1,'_569','CLEMENCE','industrial designer | engineer',NULL,NULL,69,0,NULL,NULL,NULL,'My experiences led me to work on both industrial products (robots, connected objects, toys...) and digital (websites, mobile applications).<br><br>I enjoy all types of missions, be it the complete design of your project or a punctual accompaniment on a precise phase of you development.<br>\r\n<br>\r\nMaster of Design Sustainable Innovation. Bachelor\'s degree in Product Design.\r\nNantes Atlantique Institute of Design. France.',NULL),(572,'154.png','2021-01-11 17:52:54.493165','2021-01-11 17:52:54.493187',3,1,1,'_569','ROMAN','design director | project director',NULL,NULL,69,0,NULL,NULL,NULL,'Managing foreign design projects for over 7 years. Perfect knowledge of the Chinese language helps me to provide best service to our clients.<br><br>I have extensive experience in the organization of mass production, working with typography, as well as branding for Chinese market. My goal is to bring our projects to the real life.<br>\r\n<br>\r\nRussian Irkutsk State Linguistic University. Linguistics; Bachelor\'s degree.\r\nQiqihar University. Linguistics; Chinese language, Bachelor\'s degree.\r\nNational Research Tomsk State University. Psychodiagnostics, Education courses',NULL),(573,'65.jpg','2021-01-11 19:58:04.666129','2021-01-11 19:58:04.666149',1,1,1,'','1',NULL,NULL,NULL,70,0,NULL,NULL,NULL,'Очень краткое описание изображения<br>',NULL),(574,'66.jpg','2021-01-11 19:58:04.679923','2021-01-11 19:58:04.679947',2,1,1,'','2',NULL,NULL,NULL,70,0,NULL,NULL,NULL,'Очень краткое описание изображения 2<br>',NULL),(575,'67.png','2021-01-11 19:58:04.692031','2021-01-11 19:58:04.692054',3,1,1,'','3',NULL,NULL,NULL,70,0,NULL,NULL,NULL,'Очень краткое описание изображения 3<br>',NULL),(576,'68.jpg','2021-01-11 19:58:04.704029','2021-01-11 19:58:04.704071',4,1,1,'','4',NULL,NULL,NULL,70,0,NULL,NULL,NULL,'Очень краткое описание изображения 4<br>',NULL),(577,'69.jpg','2021-01-11 19:58:04.715183','2021-01-11 19:58:04.715212',5,1,1,'','5',NULL,NULL,NULL,70,0,NULL,NULL,NULL,'Очень краткое описание изображения 5<br>',NULL),(578,NULL,'2021-01-11 20:21:09.215311','2021-01-11 20:21:09.215364',1,1,1,'','texts',NULL,NULL,NULL,71,0,NULL,NULL,NULL,NULL,NULL),(579,NULL,'2021-01-11 20:21:09.223696','2021-01-12 12:29:13.342534',236,1,1,'_578','Text_1','','','',71,0,'','','','Hello! We are an international design studio specializing in graphic and industrial design. We are approached by people who need expert opinion and the services of professionals in the field of design. Furthermore, we always o er the most aesthetic and e ective solutions to problems',''),(580,NULL,'2021-01-11 20:21:09.229728','2021-01-12 12:29:21.590660',237,1,1,'_578','Text_2','','','',71,0,'','','','We live and do our job the way we like and prefer open and honest communication. This is reliable information and mutual interest in a project that brings results. We believe that the customer and the contractor are equal in the work on the project, so we are not afraid to express our honest opinion to you. We welcome people who share our beliefs and new challenges.',''),(581,NULL,'2021-01-11 20:21:09.235836','2021-01-11 20:21:09.235873',3,1,1,'','team',NULL,NULL,'people',71,0,NULL,NULL,NULL,NULL,NULL),(582,'152.png','2021-01-11 20:21:09.241154','2021-01-12 11:51:02.873850',1,1,1,'_581','IVAN','designer | creative director','/','',71,0,'','','','More than 9 years of experience in design and international art projects in Russia, China and Spain.<br><br>I love any form of design and prefer to combine original ideas with great passion and dedication. I get one simple method to achieve the big desired results - eclecticism, original ideas and a great love to my work.<br>---<br>Background:<br>Master\'s degree in Design and Arts &amp; Crafts. <br>Russian State Vocational Pedagogical University',''),(583,'153.png','2021-01-11 20:21:09.248106','2021-01-12 16:26:58.051664',2,1,1,'_581','CLEMENCE','industrial designer | engineer','','',71,0,'','','','My experiences led me to work on both industrial products (robots, connected objects, toys...) and digital (websites, mobile applications).<br><br>I enjoy all types of missions, be it the complete design of your project or a punctual accompaniment on a precise phase of your development.<br>---<br>Background:<br>\r\nMaster of Design Sustainable Innovation. <br>Bachelor\'s degree in Product Design.\r\n<br>Nantes Atlantique Institute of Design, France.',''),(584,'154.png','2021-01-11 20:21:09.254157','2021-01-12 12:11:13.452058',3,1,1,'_581','ROMAN','design director | project director','','',71,0,'','','','Managing foreign design projects for over 7 years. Perfect knowledge of the Chinese language helps me to provide best service to our clients.<br>I have extensive experience in the organization of mass production, working with typography, as well as branding for Chinese market. My goal is to bring our projects to the real life.<br>---<br>Background:<br>Linguistics; Chinese language. Bachelor\'s degree.\r\nQiqihar University.&nbsp;<br>Psychodiagnostics.&nbsp;National Research Tomsk State University.',''),(585,'585.jpg','2021-01-11 20:22:48.940457','2021-01-12 16:20:12.246188',1,1,1,'','1','','','',72,0,'','','','GB company\'s showroom in Kunshan<br>',''),(586,'586.jpg','2021-01-11 20:22:48.950760','2021-01-12 15:29:42.486897',2,1,1,'','2','','','',72,0,'','','','Meeting with a client at the exhibition',''),(587,'587.jpg','2021-01-11 20:22:48.957175','2021-01-12 15:30:24.794748',3,1,1,'','3','','','',72,0,'','','','Dont panic and keep the distance',''),(588,'588.jpg','2021-01-11 20:22:48.962561','2021-01-12 15:30:56.329411',4,1,1,'','4','','','',72,0,'','','','Our booth at the International Toys Fair in Shanghai',''),(589,'589.jpg','2021-01-11 20:22:48.972964','2021-01-12 15:32:49.269188',5,1,1,'','5','','','',72,0,'','','','Max with Chen Dan from of Zheng Bang design company<br>',''),(590,NULL,'2021-01-11 20:26:15.550385','2021-01-11 20:27:14.064391',238,1,4,'','More about us','','/more-about-us/','',73,0,'','','','',''),(592,'592.jpg','2021-01-12 12:47:23.290984','2021-01-12 15:33:22.635757',239,1,1,'','6','','','',72,0,'','','','Exhibition in progress',''),(593,'593.jpg','2021-01-12 12:47:24.693831','2021-01-12 15:33:50.385368',240,1,1,'','7','','','',72,0,'','','','Just a worker at \"fucktory\"&nbsp;',''),(594,'594.jpg','2021-01-12 12:47:25.631518','2021-01-12 15:35:15.576219',241,1,1,'','8','','','',72,0,'','','','Stairway to office<br>',''),(595,'595.jpg','2021-01-12 12:47:29.291647','2021-01-12 15:35:31.381604',242,1,1,'','9','','','',72,0,'','','','Working...',''),(596,'596.jpg','2021-01-12 12:49:55.519950','2021-01-12 16:19:31.233209',243,1,1,'','10','','','',72,0,'','','','Interview with the CCTV (Central&nbsp;Chinese channel) about new trends in toy designs<br>',''),(597,'597.jpg','2021-01-14 11:30:03.504412','2021-01-14 11:54:18.137228',244,1,1,'','11','','','',72,0,'','','','<div>Our office 3D printer&nbsp;</div>',''),(598,'598.jpg','2021-01-14 11:30:05.586174','2021-01-14 11:53:56.579887',245,1,1,'','12','','','',72,0,'','','','<div><div>Our industrial designer Clemence at work</div></div>',''),(601,NULL,'2021-01-15 15:55:58.973233','2021-01-15 16:29:02.891411',246,1,1,'','Без названия','','','',74,0,'','','RECENT PROJECTS','',''),(602,NULL,'2021-01-15 15:57:02.754709','2021-01-15 16:30:42.835947',246,1,1,'','Без названия','','','',76,0,'','','RECENT PROJECTS','','');
/*!40000 ALTER TABLE `flatcontent_blocks` ENABLE KEYS */;
UNLOCK TABLES;

--
-- Table structure for table `flatcontent_containers`
--

DROP TABLE IF EXISTS `flatcontent_containers`;
/*!40101 SET @saved_cs_client     = @@character_set_client */;
/*!50503 SET character_set_client = utf8mb4 */;
CREATE TABLE `flatcontent_containers` (
  `id` int NOT NULL AUTO_INCREMENT,
  `img` varchar(255) DEFAULT NULL,
  `created` datetime(6) NOT NULL,
  `updated` datetime(6) NOT NULL,
  `position` int DEFAULT NULL,
  `is_active` tinyint(1) NOT NULL,
  `state` int DEFAULT NULL,
  `parents` varchar(255) DEFAULT NULL,
  `name` varchar(255) DEFAULT NULL,
  `description` longtext,
  `tag` varchar(255) DEFAULT NULL,
  `template_position` varchar(255) DEFAULT NULL,
  `class_name` varchar(255) DEFAULT NULL,
  PRIMARY KEY (`id`),
  KEY `flatcontent_containers_created_af28c039` (`created`),
  KEY `flatcontent_containers_updated_134be2c3` (`updated`),
  KEY `flatcontent_containers_position_a4f08a12` (`position`),
  KEY `flatcontent_containers_is_active_d4dd19c8` (`is_active`),
  KEY `flatcontent_containers_state_58277f20` (`state`),
  KEY `flatcontent_containers_parents_9809c178` (`parents`),
  KEY `flatcontent_containers_name_555024ab` (`name`),
  KEY `flatcontent_containers_tag_5f2487d0` (`tag`),
  KEY `flatcontent_containers_template_position_2e66b690` (`template_position`),
  KEY `flatcontent_containers_img_59d06f2c` (`img`),
  KEY `flatcontent_containers_class_name_dc7e7319` (`class_name`)
) ENGINE=InnoDB AUTO_INCREMENT=77 DEFAULT CHARSET=utf8;
/*!40101 SET character_set_client = @saved_cs_client */;

--
-- Dumping data for table `flatcontent_containers`
--

LOCK TABLES `flatcontent_containers` WRITE;
/*!40000 ALTER TABLE `flatcontent_containers` DISABLE KEYS */;
INSERT INTO `flatcontent_containers` VALUES (1,NULL,'2020-12-06 15:28:44.635919','2020-12-06 15:28:44.635952',1,1,2,NULL,'Контент для всех страничек','Создан автоматически, выводит блоки, которые должны показываться на всех страничках, например, телефон или счетчики','main',NULL,NULL),(2,NULL,'2020-12-06 15:28:44.684205','2020-12-06 15:28:44.684224',2,1,1,NULL,'Главное меню','Создано автоматически, выводит главное меню','mainmenu',NULL,NULL),(3,NULL,'2020-12-06 15:28:44.686457','2020-12-06 15:28:44.686476',3,1,1,NULL,'Нижнее меню','Создано автоматически, выводит нижнее меню','bottommenu',NULL,NULL),(4,NULL,'2020-12-07 00:28:45.999144','2020-12-07 00:28:45.999167',4,1,99,'','Простая статья','','simple_article','',''),(5,NULL,'2020-12-07 00:48:59.999904','2020-12-23 13:35:23.944181',5,1,3,'','О нас','','simple_article','',''),(6,NULL,'2020-12-07 01:00:27.198337','2020-12-07 12:50:43.601833',6,1,99,'','Портфолио','Portfolio<br>','portfolio','',''),(9,NULL,'2020-12-07 14:03:29.406452','2020-12-23 12:56:34.974722',7,1,3,'','Портфолио','Portfolio<br>','portfolio','',''),(10,NULL,'2020-12-07 14:16:15.097324','2020-12-07 14:20:11.016938',8,1,99,'','Услуги (простой вид)','Services','simple_services','',''),(11,NULL,'2020-12-07 15:13:04.139585','2020-12-23 12:56:07.897041',9,1,3,'','Услуги (простой вид)','Services','simple_services','',''),(12,NULL,'2020-12-07 15:16:56.665389','2020-12-23 12:43:22.117763',10,1,99,'','Команда','Our team<br>','team','',''),(13,NULL,'2020-12-07 16:54:06.378898','2020-12-23 12:54:39.337455',11,1,3,'','Команда','Our team<br>','team','',''),(14,NULL,'2020-12-07 17:08:43.487720','2020-12-07 17:39:39.643839',12,1,99,'','Партнеры (простой вид)','Partners','simple_clients','',''),(16,NULL,'2020-12-07 17:41:52.756306','2020-12-23 12:55:31.685218',13,1,3,'','Партнеры (простой вид)','Partners','simple_clients','',''),(19,NULL,'2020-12-26 18:46:05.132720','2020-12-26 19:11:48.531646',14,1,99,'','Проекты','Identity','projects','',''),(20,NULL,'2020-12-26 18:56:13.101282','2021-01-06 17:03:11.380050',15,1,3,'','Identity','Identity','projects','',''),(21,NULL,'2020-12-26 19:15:05.530898','2020-12-26 19:18:32.320592',16,1,3,'','Illustration','Illustration','projects','',''),(22,NULL,'2020-12-29 18:23:19.309613','2021-01-05 15:16:14.757512',17,1,3,'','Toys','Toys','projects','',''),(23,NULL,'2021-01-06 11:11:42.030403','2021-01-06 11:14:00.838136',18,1,99,'','Проект (страница портфолио)','Lucy&Leo Kitchen Set','project','',''),(24,NULL,'2021-01-06 11:17:34.343981','2021-01-06 11:17:34.344014',19,1,1,'','Портфолио','','portfolio','',''),(25,NULL,'2021-01-06 11:20:35.669462','2021-01-08 19:49:38.943619',20,1,3,'','AVITO toys','AVITO Toys<br>','project','',''),(26,NULL,'2021-01-06 11:33:22.874079','2021-01-08 17:42:45.854841',21,1,3,'','Children furniture','Children furniture','project','',''),(27,NULL,'2021-01-06 11:48:26.269693','2021-01-08 17:45:43.680020',22,1,3,'','Chestnut Trade','Chestnut Trade logo','project','',''),(28,NULL,'2021-01-06 12:08:17.739051','2021-01-08 17:48:33.323815',23,1,3,'','Lucy&Leo kitchen toy','Lucy&amp;Leo kitchen toy','project','',''),(29,NULL,'2021-01-06 17:27:11.711067','2021-01-06 17:27:11.711099',24,1,3,'','Industrial','Industrial','projects','',''),(32,NULL,'2021-01-06 17:34:56.045615','2021-01-06 17:34:56.045636',25,1,3,'','Packaging','Packaging&nbsp;','projects','',''),(33,NULL,'2021-01-06 17:35:40.918893','2021-01-06 17:35:51.161279',26,1,3,'','Web','Web','projects','',''),(34,NULL,'2021-01-06 17:50:24.909216','2021-01-08 17:50:19.021713',27,1,3,'','Amani Panic button ring','Amani Panic button ring','project','',''),(35,NULL,'2021-01-08 18:34:39.558069','2021-01-08 18:36:22.013657',28,1,3,'','Empy','Pet accessories manufacturer logo.','project','',''),(36,NULL,'2021-01-08 18:54:21.061963','2021-01-08 19:06:55.310901',29,1,3,'','COCOCAM','COCOCAM','project','',''),(37,NULL,'2021-01-08 19:51:07.072374','2021-01-08 19:51:07.072394',30,1,3,'','HOGOKIDS','HOGOKIDS','project','',''),(38,NULL,'2021-01-08 19:52:04.081777','2021-01-08 19:52:21.662718',31,1,3,'','MEA','MEA','project','',''),(39,NULL,'2021-01-08 19:53:43.880092','2021-01-08 19:53:43.880117',32,1,3,'','Children furniture','Children furniture','project','',''),(41,NULL,'2021-01-08 19:55:27.718697','2021-01-08 19:55:27.718729',34,1,3,'','Lucy&Leo workbench toy','Lucy&amp;Leo workbench toy','project','',''),(42,NULL,'2021-01-08 19:56:06.621296','2021-01-08 19:56:06.621321',35,1,3,'','Lucy&Leo Forest Tree Wall Toy','Lucy&amp;Leo Forest Tree Wall Toy','project','',''),(43,NULL,'2021-01-08 19:56:38.346024','2021-01-08 19:56:38.346048',36,1,3,'','UFO pool with fountain','UFO pool with fountain','project','',''),(44,NULL,'2021-01-08 19:57:33.895538','2021-01-08 19:57:33.895574',37,1,3,'','Obro Space knocking toy','Obro Space knocking toy','project','',''),(45,NULL,'2021-01-08 19:58:40.286997','2021-01-08 19:58:40.287020',38,1,3,'','Humidifier for kids','Humidifier for kids','project','',''),(46,NULL,'2021-01-08 19:59:22.755437','2021-01-08 19:59:22.755465',39,1,3,'','Internet gateway','Internet gateway','project','',''),(47,NULL,'2021-01-08 20:00:18.677676','2021-01-08 20:00:18.677698',40,1,3,'','Tikino video-projector','Tikino video-projector','project','',''),(48,NULL,'2021-01-08 20:00:55.649698','2021-01-08 20:00:55.649736',41,1,3,'','Kids Helmet','Kids Helmet','project','',''),(49,NULL,'2021-01-08 20:01:32.948497','2021-01-08 20:01:32.948522',42,1,3,'','OWA wifi extender','OWA wifi extender','project','',''),(50,NULL,'2021-01-08 20:02:04.284810','2021-01-08 20:02:04.284840',43,1,3,'','LSHBC','LSHBC','project','',''),(51,NULL,'2021-01-08 20:02:33.043492','2021-01-08 20:02:33.043511',44,1,3,'','Motor Data','Motor Data','project','',''),(52,NULL,'2021-01-08 20:02:56.713332','2021-01-08 20:02:56.713353',45,1,3,'','Naviaddress','Naviaddress','project','',''),(53,NULL,'2021-01-08 20:03:48.825692','2021-01-08 20:03:48.825714',46,1,3,'','Jumbo Toys website','Jumbo Toys website','project','',''),(54,NULL,'2021-01-08 20:05:03.537822','2021-01-08 20:05:10.388686',47,1,3,'','Lucy&Leo Taobao shop','Lucy&amp;Leo Taobao shop<br>','project','',''),(55,NULL,'2021-01-08 20:05:50.033622','2021-01-08 20:05:50.033640',48,1,3,'','OBRO Toys Taobao shop','OBRO Toys Taobao shop','project','',''),(56,NULL,'2021-01-08 20:08:14.685172','2021-01-08 20:08:14.685195',49,1,3,'','Darts game','Darts game','project','',''),(57,NULL,'2021-01-08 20:08:51.575724','2021-01-08 20:08:51.575744',50,1,3,'','H2 WATER','H2 WATER','project','',''),(58,NULL,'2021-01-08 20:09:36.226934','2021-01-08 20:09:36.226960',51,1,3,'','Ice cream','Ice cream','project','',''),(59,NULL,'2021-01-08 20:10:11.207844','2021-01-08 20:10:11.207875',52,1,3,'','Arman bread','Arman bread','project','',''),(60,NULL,'2021-01-08 20:10:43.114712','2021-01-08 20:10:43.114732',53,1,3,'','INATECK Car charger','INATECK Car charger','project','',''),(61,NULL,'2021-01-08 20:11:14.920729','2021-01-08 20:11:14.920757',54,1,3,'','YALIDA package','YALIDA package','project','',''),(62,NULL,'2021-01-08 20:11:47.182105','2021-01-08 20:11:47.182127',55,1,3,'','Lucy&Leo Singing Cats','Lucy&amp;Leo Singing Cats','project','',''),(63,NULL,'2021-01-08 20:12:26.429485','2021-01-08 20:12:26.429507',56,1,3,'','Lucy&Leo Jazz birds','Lucy&amp;Leo Jazz birds','project','',''),(64,NULL,'2021-01-08 20:12:58.014488','2021-01-08 20:12:58.014506',57,1,3,'','MEA Service infographics','MEA Service infographics','project','',''),(65,NULL,'2021-01-08 20:13:40.179570','2021-01-08 20:13:40.179590',58,1,3,'','Air toys','Air toys','project','',''),(66,NULL,'2021-01-08 20:14:19.585924','2021-01-08 20:14:19.585945',59,1,3,'','Dino tent','Dino tent','project','',''),(67,NULL,'2021-01-08 20:14:54.947112','2021-01-08 20:14:54.947138',60,1,3,'','OBRO cubes','OBRO cubes','project','',''),(69,NULL,'2021-01-11 17:52:54.391092','2021-01-11 17:52:54.391156',61,1,99,NULL,'Infinity team','To infinity and beyond<br>','team_details',NULL,NULL),(70,NULL,'2021-01-11 19:58:04.648430','2021-01-11 19:58:04.648481',62,1,99,NULL,'Галерея (простой вид)','Life Moments<br>','simple_gallery',NULL,NULL),(71,NULL,'2021-01-11 20:21:09.194404','2021-01-11 20:21:09.206685',63,1,3,'','Infinity Team','To infinity and beyond<br>','team_details','',''),(72,NULL,'2021-01-11 20:22:48.915898','2021-01-11 20:23:14.409706',64,1,3,'','Life\'s moments','Life Moments<br>','simple_gallery','',''),(73,NULL,'2021-01-11 20:25:44.396200','2021-01-11 20:25:44.396231',65,1,1,'','Полезные ссылки','','','',''),(74,NULL,'2021-01-15 14:50:40.069206','2021-01-15 14:50:40.069230',66,1,99,'','Портфолио (динамическое по меню)','Портфолио','dynamic_portfolio','',''),(76,NULL,'2021-01-15 15:57:02.732459','2021-01-15 16:31:29.400634',67,1,3,'','Новое портфолио для главной','Portfolio','dynamic_portfolio','','');
/*!40000 ALTER TABLE `flatcontent_containers` ENABLE KEYS */;
UNLOCK TABLES;

--
-- Table structure for table `flatcontent_linkcontainer`
--

DROP TABLE IF EXISTS `flatcontent_linkcontainer`;
/*!40101 SET @saved_cs_client     = @@character_set_client */;
/*!50503 SET character_set_client = utf8mb4 */;
CREATE TABLE `flatcontent_linkcontainer` (
  `id` int NOT NULL AUTO_INCREMENT,
  `img` varchar(255) DEFAULT NULL,
  `created` datetime(6) NOT NULL,
  `updated` datetime(6) NOT NULL,
  `position` int DEFAULT NULL,
  `is_active` tinyint(1) NOT NULL,
  `state` int DEFAULT NULL,
  `parents` varchar(255) DEFAULT NULL,
  `block_id` int NOT NULL,
  `container_id` int NOT NULL,
  PRIMARY KEY (`id`),
  KEY `flatcontent_linkcont_block_id_95a742ab_fk_flatconte` (`block_id`),
  KEY `flatcontent_linkcont_container_id_9d707d07_fk_flatconte` (`container_id`),
  KEY `flatcontent_linkcontainer_created_817be879` (`created`),
  KEY `flatcontent_linkcontainer_updated_f577aa94` (`updated`),
  KEY `flatcontent_linkcontainer_position_fabe1bde` (`position`),
  KEY `flatcontent_linkcontainer_is_active_d61b1bb9` (`is_active`),
  KEY `flatcontent_linkcontainer_state_cb4a990a` (`state`),
  KEY `flatcontent_linkcontainer_parents_36b28f6e` (`parents`),
  KEY `flatcontent_linkcontainer_img_2d8c4e0a` (`img`),
  CONSTRAINT `flatcontent_linkcont_block_id_95a742ab_fk_flatconte` FOREIGN KEY (`block_id`) REFERENCES `flatcontent_blocks` (`id`),
  CONSTRAINT `flatcontent_linkcont_container_id_9d707d07_fk_flatconte` FOREIGN KEY (`container_id`) REFERENCES `flatcontent_containers` (`id`)
) ENGINE=InnoDB AUTO_INCREMENT=118 DEFAULT CHARSET=utf8;
/*!40101 SET character_set_client = @saved_cs_client */;

--
-- Dumping data for table `flatcontent_linkcontainer`
--

LOCK TABLES `flatcontent_linkcontainer` WRITE;
/*!40000 ALTER TABLE `flatcontent_linkcontainer` DISABLE KEYS */;
INSERT INTO `flatcontent_linkcontainer` VALUES (39,NULL,'2020-12-26 18:57:30.982937','2020-12-26 18:57:30.982962',6,1,NULL,NULL,14,20),(42,NULL,'2020-12-29 18:24:38.193145','2020-12-29 18:24:38.193169',8,1,NULL,NULL,16,22),(55,NULL,'2021-01-06 17:32:24.941144','2021-01-06 17:32:24.941222',19,1,NULL,NULL,17,29),(56,NULL,'2021-01-06 17:36:44.070820','2021-01-06 17:36:44.070844',20,1,NULL,NULL,196,32),(57,NULL,'2021-01-06 17:36:50.768017','2021-01-06 17:36:50.768040',21,1,NULL,NULL,197,33),(63,NULL,'2021-01-08 17:20:51.491990','2021-01-08 17:20:51.492021',26,1,NULL,NULL,323,34),(64,NULL,'2021-01-08 17:24:33.939741','2021-01-08 17:24:33.939770',27,1,NULL,NULL,268,25),(65,NULL,'2021-01-08 17:25:22.417604','2021-01-08 17:25:22.417689',28,1,NULL,NULL,269,27),(66,NULL,'2021-01-08 17:36:56.596614','2021-01-08 17:36:56.596640',29,1,NULL,NULL,282,26),(68,NULL,'2021-01-08 17:37:12.780320','2021-01-08 17:37:12.780363',30,1,NULL,NULL,283,28),(71,NULL,'2021-01-08 18:50:09.042765','2021-01-08 18:50:09.042790',31,1,NULL,NULL,335,35),(72,NULL,'2021-01-08 18:58:28.270988','2021-01-08 18:58:28.271009',32,1,NULL,NULL,270,36),(73,NULL,'2021-01-08 19:52:58.305947','2021-01-08 19:52:58.305970',33,1,NULL,NULL,336,37),(74,NULL,'2021-01-08 19:53:04.418536','2021-01-08 19:53:04.418559',34,1,NULL,NULL,337,38),(75,NULL,'2021-01-08 20:15:22.043627','2021-01-08 20:15:22.043650',35,1,NULL,NULL,284,41),(76,NULL,'2021-01-08 20:15:27.900032','2021-01-08 20:15:27.900066',36,1,NULL,NULL,338,42),(77,NULL,'2021-01-08 20:15:34.964854','2021-01-08 20:15:34.964882',37,1,NULL,NULL,340,43),(78,NULL,'2021-01-08 20:15:41.069988','2021-01-08 20:15:41.070010',38,1,NULL,NULL,345,44),(79,NULL,'2021-01-08 20:15:49.978248','2021-01-08 20:15:49.978274',39,1,NULL,NULL,324,45),(82,NULL,'2021-01-08 20:16:11.170381','2021-01-08 20:16:11.170401',42,1,NULL,NULL,346,48),(83,NULL,'2021-01-08 20:16:17.877615','2021-01-08 20:16:17.877649',43,1,NULL,NULL,347,49),(85,NULL,'2021-01-08 20:16:30.690175','2021-01-08 20:16:30.690207',44,1,NULL,NULL,349,50),(86,NULL,'2021-01-08 20:17:02.565805','2021-01-08 20:17:02.565831',45,1,NULL,NULL,350,51),(87,NULL,'2021-01-08 20:17:12.323363','2021-01-08 20:17:12.323439',46,1,NULL,NULL,351,52),(88,NULL,'2021-01-08 20:17:22.103191','2021-01-08 20:17:22.103213',47,1,NULL,NULL,352,53),(89,NULL,'2021-01-08 20:17:31.704457','2021-01-08 20:17:31.704484',48,1,NULL,NULL,354,54),(90,NULL,'2021-01-08 20:17:39.450659','2021-01-08 20:17:39.450681',49,1,NULL,NULL,356,55),(91,NULL,'2021-01-08 20:17:51.971818','2021-01-08 20:17:51.971840',50,1,NULL,NULL,357,56),(92,NULL,'2021-01-08 20:18:02.574264','2021-01-08 20:18:02.574286',51,1,NULL,NULL,358,57),(93,NULL,'2021-01-08 20:18:11.577361','2021-01-08 20:18:11.577384',52,1,NULL,NULL,359,58),(94,NULL,'2021-01-08 20:18:21.742488','2021-01-08 20:18:21.742512',53,1,NULL,NULL,360,59),(95,NULL,'2021-01-08 20:18:30.985505','2021-01-08 20:18:30.985531',54,1,NULL,NULL,361,60),(96,NULL,'2021-01-08 20:18:39.759763','2021-01-08 20:18:39.759782',55,1,NULL,NULL,362,61),(97,NULL,'2021-01-08 20:18:53.464620','2021-01-08 20:18:53.464647',56,1,NULL,NULL,365,62),(98,NULL,'2021-01-08 20:19:07.612634','2021-01-08 20:19:07.612696',57,1,NULL,NULL,366,63),(99,NULL,'2021-01-08 20:19:29.701292','2021-01-08 20:19:29.701315',58,1,NULL,NULL,367,64),(100,NULL,'2021-01-08 20:19:38.073249','2021-01-08 20:19:38.073277',59,1,NULL,NULL,368,65),(101,NULL,'2021-01-08 20:19:46.054450','2021-01-08 20:19:46.054492',60,1,NULL,NULL,369,66),(102,NULL,'2021-01-08 20:19:54.700208','2021-01-08 20:19:54.700253',61,1,NULL,NULL,370,67),(103,NULL,'2021-01-08 21:44:28.442524','2021-01-08 21:44:28.442550',62,1,NULL,NULL,325,46),(104,NULL,'2021-01-09 15:53:25.744512','2021-01-09 15:53:25.744550',63,1,NULL,NULL,15,21),(105,NULL,'2021-01-09 16:02:13.966792','2021-01-09 16:02:13.966828',64,1,NULL,NULL,342,47),(106,NULL,'2021-01-11 20:27:14.076280','2021-01-11 20:27:14.076304',65,1,NULL,NULL,590,71),(107,NULL,'2021-01-11 20:27:14.081426','2021-01-11 20:27:14.081443',66,1,NULL,NULL,590,72),(113,NULL,'2021-01-15 15:58:42.025981','2021-01-15 15:58:42.026009',67,1,NULL,NULL,12,5),(114,NULL,'2021-01-15 15:58:42.035375','2021-01-15 15:58:42.035435',68,1,NULL,NULL,12,76),(115,NULL,'2021-01-15 15:58:42.040423','2021-01-15 15:58:42.040449',69,1,NULL,NULL,12,11),(116,NULL,'2021-01-15 15:58:42.044084','2021-01-15 15:58:42.044108',70,1,NULL,NULL,12,13),(117,NULL,'2021-01-15 15:58:42.048842','2021-01-15 15:58:42.048868',71,1,NULL,NULL,12,16);
/*!40000 ALTER TABLE `flatcontent_linkcontainer` ENABLE KEYS */;
UNLOCK TABLES;

--
-- Table structure for table `languages_translate`
--

DROP TABLE IF EXISTS `languages_translate`;
/*!40101 SET @saved_cs_client     = @@character_set_client */;
/*!50503 SET character_set_client = utf8mb4 */;
CREATE TABLE `languages_translate` (
  `id` int NOT NULL AUTO_INCREMENT,
  `img` varchar(255) DEFAULT NULL,
  `created` datetime(6) NOT NULL,
  `updated` datetime(6) NOT NULL,
  `position` int DEFAULT NULL,
  `is_active` tinyint(1) NOT NULL,
  `state` int DEFAULT NULL,
  `parents` varchar(255) DEFAULT NULL,
  `domain_pk` int DEFAULT NULL,
  `content_type` varchar(255) DEFAULT NULL,
  `model_pk` int DEFAULT NULL,
  `field` varchar(255) DEFAULT NULL,
  `value` varchar(255) DEFAULT NULL,
  `text` longtext,
  PRIMARY KEY (`id`),
  KEY `languages_translate_img_5c247240` (`img`),
  KEY `languages_translate_created_f2a8a297` (`created`),
  KEY `languages_translate_updated_065269f9` (`updated`),
  KEY `languages_translate_position_0fc25465` (`position`),
  KEY `languages_translate_is_active_a43b4adc` (`is_active`),
  KEY `languages_translate_state_f745c5ee` (`state`),
  KEY `languages_translate_parents_00269b5e` (`parents`),
  KEY `languages_translate_domain_pk_e2c587c0` (`domain_pk`),
  KEY `languages_translate_content_type_b462606c` (`content_type`),
  KEY `languages_translate_model_pk_5c02b243` (`model_pk`),
  KEY `languages_translate_field_20d39d18` (`field`),
  KEY `languages_translate_value_9cecbd36` (`value`)
) ENGINE=InnoDB AUTO_INCREMENT=297 DEFAULT CHARSET=utf8mb4 COLLATE=utf8mb4_general_ci;
/*!40101 SET character_set_client = @saved_cs_client */;

--
-- Dumping data for table `languages_translate`
--

LOCK TABLES `languages_translate` WRITE;
/*!40000 ALTER TABLE `languages_translate` DISABLE KEYS */;
INSERT INTO `languages_translate` VALUES (1,NULL,'2020-12-21 13:59:26.363174','2020-12-21 13:59:26.363195',1,1,NULL,NULL,1,'flatcontent.blocks',32,'html','<div><b>Infinity Ink 带你走进无穷无尽的创意空间。</b></div><div>我们是一家专业的设计工作室，对普通事物有着独到的看法。<br>在这里，我们一起探索设计的奥秘。<br>助您拔类超群, 脱颖而出的设计!&nbsp;<br><br></div><div>自2015年以来，Infinity Ink 用优秀的设计案例帮助客户解决各类需求。 <br><b>不夸大其词，只走成功之道。&nbsp;</b></div>',''),(2,NULL,'2020-12-21 14:05:17.530817','2020-12-21 14:05:17.530854',2,1,NULL,NULL,1,'flatcontent.blocks',12,'name','首页',''),(3,NULL,'2020-12-21 14:25:41.508956','2020-12-21 14:25:41.509036',3,1,NULL,NULL,1,'flatcontent.blocks',29,'name','我们的团队',''),(4,NULL,'2020-12-23 11:42:23.440266','2020-12-23 11:42:23.440301',4,1,NULL,NULL,1,'flatcontent.blocks',13,'name','设计案例',''),(5,NULL,'2020-12-23 11:43:45.817931','2020-12-23 11:43:45.817968',5,1,NULL,NULL,1,'flatcontent.blocks',14,'name','视觉',''),(6,NULL,'2020-12-23 11:49:02.892075','2020-12-23 11:49:02.892094',6,1,NULL,NULL,1,'flatcontent.blocks',15,'name','插图',''),(7,NULL,'2020-12-23 11:49:49.939493','2020-12-23 11:49:49.939535',7,1,NULL,NULL,1,'flatcontent.blocks',16,'name','玩具设计',''),(8,NULL,'2020-12-23 11:51:44.277698','2020-12-23 11:51:44.277765',8,1,NULL,NULL,1,'flatcontent.blocks',17,'name','工业设计',''),(9,NULL,'2020-12-23 11:55:06.927691','2020-12-23 11:55:06.927731',9,1,NULL,NULL,1,'flatcontent.blocks',196,'name','包装设计',''),(10,NULL,'2020-12-23 11:56:08.562212','2020-12-23 11:56:08.562258',10,1,NULL,NULL,1,'flatcontent.blocks',197,'name','网页设计',''),(11,NULL,'2020-12-23 11:56:58.094811','2020-12-23 11:56:58.094831',11,1,NULL,NULL,1,'flatcontent.blocks',18,'name','服务项目',''),(12,NULL,'2020-12-23 11:57:12.230110','2020-12-23 11:57:12.230139',12,1,NULL,NULL,1,'flatcontent.blocks',19,'name','设计申请表格',''),(13,NULL,'2020-12-23 11:57:26.531971','2020-12-23 11:57:26.532003',13,1,NULL,NULL,1,'flatcontent.blocks',20,'name','联系方式',''),(14,NULL,'2020-12-23 12:01:32.449767','2020-12-23 12:01:32.449793',14,1,NULL,NULL,1,'flatcontent.blocks',13,'description','我们的作品',''),(15,NULL,'2020-12-23 12:02:38.037019','2020-12-23 12:02:38.037048',15,1,NULL,NULL,1,'flatcontent.blocks',13,'html','如果有什么问题，请随时联系我们<br>',''),(16,NULL,'2020-12-23 12:12:31.686743','2020-12-23 12:12:31.686782',16,1,NULL,NULL,1,'flatcontent.blocks',155,'description','设计师 | 插画师 | 创意总监',''),(17,NULL,'2020-12-23 12:14:08.198589','2020-12-23 12:14:08.198613',17,1,NULL,NULL,1,'flatcontent.blocks',155,'html','','\r\n		\r\n	\r\n	\r\n		<div>\r\n			<div>\r\n				<div>\r\n					<div>\r\n						<p></p><div>\"在西班牙、中国和俄罗斯有9年以上的设计和国际艺术项目经验。我喜欢任何类型的设计，善于将原始思想与热情和奉献精神相结合。我有一个小诀窍，可以达到期望的效果 - 折衷主义，加上独到的见解以及我对工作的<span style=\"background-color: initial;\">热爱\"。&nbsp;</span></div><p></p>\r\n					</div>\r\n				</div>\r\n			</div>\r\n		</div>'),(18,NULL,'2020-12-23 12:15:05.867923','2020-12-23 12:15:05.867952',18,1,NULL,NULL,1,'flatcontent.blocks',156,'description','工业设计师 | 创意工程师',''),(19,NULL,'2020-12-23 12:18:09.656417','2020-12-23 12:18:09.656459',19,1,NULL,NULL,1,'flatcontent.blocks',156,'html','<div>\"我在设计方面的经验主要致力于工业产品（机器人，工业产品，玩具...）和数字产品（网站，移动应用程序）的研究。</div><div>我喜欢所有类型的任务，无论是项目的完整设计还是在项目开发过程中的特定阶段提供及时的支持\"。</div>',''),(20,NULL,'2020-12-23 12:20:38.574693','2020-12-23 12:20:38.574731',20,1,NULL,NULL,1,'flatcontent.blocks',157,'html','\"我有超过7年的国外设计项目管理经验。精通汉语、了解中华文化，独具审美能力，所以我可以为中国客户提供最佳服务。 擅长于印刷项目、工业分析、玩具设计、以及市场建立品牌方面。让您的设计梦想成真，是我的使命\"。&nbsp;',''),(21,NULL,'2020-12-23 12:20:57.522004','2020-12-23 12:20:57.522034',21,1,NULL,NULL,1,'flatcontent.blocks',157,'description','项目管理 | 设计总监',''),(22,NULL,'2020-12-23 12:42:51.174959','2020-12-23 12:42:51.175007',22,1,NULL,NULL,1,'flatcontent.containers',12,'description','我们的团队<br>',''),(23,NULL,'2020-12-23 12:54:39.353425','2020-12-23 12:54:39.353466',23,1,NULL,NULL,1,'flatcontent.containers',13,'description','我们的团队',''),(24,NULL,'2020-12-23 12:55:31.693729','2020-12-23 12:55:31.693752',24,1,NULL,NULL,1,'flatcontent.containers',16,'description','合作伙伴',''),(25,NULL,'2020-12-23 12:56:07.907172','2020-12-23 12:56:07.907221',25,1,NULL,NULL,1,'flatcontent.containers',11,'description','服务项目',''),(26,NULL,'2020-12-23 12:56:34.988095','2020-12-23 12:56:34.988135',26,1,NULL,NULL,1,'flatcontent.containers',9,'description','设计案例',''),(27,NULL,'2020-12-23 12:58:23.231545','2020-12-23 12:58:23.231581',27,1,NULL,NULL,1,'flatcontent.blocks',146,'name','视觉',''),(28,NULL,'2020-12-23 13:04:01.276048','2020-12-23 13:04:01.276090',28,1,NULL,NULL,1,'flatcontent.blocks',146,'html','<div>视觉设计是一项复杂的任务，正确的方案能够促成品牌或公司良好的“脸面”。企业形象是企业与目标群通过视觉元素的互动与交流。<br><br>我们综合考虑企业风格色调、字体和图形在不同条件下&nbsp;<span style=\"background-color: initial;\">(室内和室外，光线明亮和昏暗)，以及在不同媒介(海报和小型名片等)上的外观效果。</span></div>',''),(29,NULL,'2020-12-23 13:06:18.603771','2020-12-23 13:06:18.603800',29,1,NULL,NULL,1,'flatcontent.blocks',147,'name','玩具设计',''),(30,NULL,'2020-12-23 13:06:18.610741','2020-12-23 13:06:18.610775',30,1,NULL,NULL,1,'flatcontent.blocks',147,'html','<div>我们将自己童年所学习到的知识，运用到玩具设计上，并做出新颖且具有教育意义的玩具。我们的玩具会让孩子以简单的游戏方式不停地学习开发自己的智力，寓教于乐!&nbsp;</div><div>我们认为，玩具应该为孩子们提供教育价值，同时为游戏带来乐趣。我们的团队是一些完全投身致力于玩具创造的人，尽管他们已经成人，但仍然保留那颗童心。我们每个人都试图体验游戏过程，并为其注入新鲜血液，带来一些我们认为有益的东西。</div>',''),(31,NULL,'2020-12-23 13:15:27.536303','2020-12-23 13:15:27.536329',31,1,NULL,NULL,1,'flatcontent.blocks',148,'name','插图',''),(32,NULL,'2020-12-23 13:15:27.541796','2020-12-23 13:15:27.541813',32,1,NULL,NULL,1,'flatcontent.blocks',148,'html','插图能使枯燥无味的商业文案和幻灯片变得生动形象。用明亮鲜艳的图像修饰广告和商品，令人印象深刻、过目不忘。当人们拿起书本、包装或玩具时，绝大多数人会先注意到插图，因为漂亮的视觉图像会激起人们强烈的情感反应。',''),(33,NULL,'2020-12-23 13:17:14.316150','2020-12-23 13:17:14.316184',33,1,NULL,NULL,1,'flatcontent.blocks',149,'name','工业设计',''),(34,NULL,'2020-12-23 13:17:14.323437','2020-12-23 13:17:14.323457',34,1,NULL,NULL,1,'flatcontent.blocks',149,'html','产品必须具有竞争力和吸引力。如何生产满足这些条件的产品呢? 产品设计、产品改进和商业成功离不开工业设计这一重要部分。在当今市场如果没有协调的、实用的设计，就意味着丧失了竞争力。我们为大众消费品、玩具和电子设备等产品提供最新、最切合实际的设计。',''),(35,NULL,'2020-12-23 13:20:17.209809','2020-12-23 13:20:17.209853',35,1,NULL,NULL,1,'flatcontent.blocks',150,'name','包装设计',''),(36,NULL,'2020-12-23 13:20:17.221980','2020-12-23 13:20:17.222014',36,1,NULL,NULL,1,'flatcontent.blocks',150,'html','当代市场的显著特征是竞争异常激烈。在这种市场情况下，仅仅依靠产品本身的优质是不够的。正确地向潜在消费者展示与介绍更为重要。一个令人过目不忘的包装设计有助于解决此问题。能给人留下深刻印象的产品包装设计会引起消费者的关注与兴趣，而有效的设计方案能促使消费者购买。',''),(37,NULL,'2020-12-23 13:22:44.941101','2020-12-23 13:22:44.941128',37,1,NULL,NULL,1,'flatcontent.blocks',151,'name','网页设计',''),(38,NULL,'2020-12-23 13:22:44.950732','2020-12-23 13:22:44.950752',38,1,NULL,NULL,1,'flatcontent.blocks',151,'html','<div>网络形象是当代世界中最重要的业务引擎。结构化的信息使您能够正确、顺利开展工作以吸引新客户，并维持与现有客户的稳定合作。</div><div>UI / UX、网站模板、网店、广告。</div>',''),(39,NULL,'2020-12-23 13:40:47.789081','2020-12-23 13:40:47.789104',39,1,NULL,NULL,1,'flatcontent.blocks',135,'name','插图',''),(40,NULL,'2020-12-23 13:41:56.851821','2020-12-23 13:41:56.851847',40,1,NULL,NULL,1,'flatcontent.blocks',146,'description','查看更多',''),(41,NULL,'2020-12-23 13:57:06.210385','2020-12-23 13:57:06.210431',41,1,NULL,NULL,1,'flatcontent.blocks',105,'name','视觉',''),(42,NULL,'2020-12-23 13:57:12.259932','2020-12-23 13:57:12.259950',42,1,NULL,NULL,1,'flatcontent.blocks',136,'name','玩具设计',''),(43,NULL,'2020-12-23 13:57:16.988886','2020-12-23 13:57:16.988908',43,1,NULL,NULL,1,'flatcontent.blocks',137,'name','工业设计',''),(44,NULL,'2020-12-23 13:57:23.540991','2020-12-23 13:57:23.541020',44,1,NULL,NULL,1,'flatcontent.blocks',138,'name','包装设计',''),(45,NULL,'2020-12-23 13:57:28.641379','2020-12-23 13:57:28.641400',45,1,NULL,NULL,1,'flatcontent.blocks',139,'name','网页设计',''),(46,NULL,'2020-12-23 13:59:27.104940','2020-12-23 13:59:27.104969',46,1,NULL,NULL,1,'flatcontent.blocks',3,'name','中国大陆',''),(47,NULL,'2020-12-23 13:59:27.109853','2020-12-23 13:59:27.109870',47,1,NULL,NULL,1,'flatcontent.blocks',3,'html','中国大陆<br>上海市静安区华山路328号氪空间225室<br>邮编：200040;\r\n',''),(48,NULL,'2020-12-23 14:09:51.418451','2020-12-23 14:09:51.418504',48,1,NULL,NULL,1,'flatcontent.blocks',191,'name','俄罗斯',''),(49,NULL,'2020-12-23 14:09:51.424833','2020-12-23 14:09:51.424862',49,1,NULL,NULL,1,'flatcontent.blocks',191,'html','俄罗斯<br>叶卡捷琳堡市 32号冶金家街 #42栋&nbsp;<br>邮编: 620131\r\n',''),(50,NULL,'2020-12-23 14:19:15.692351','2020-12-23 14:19:15.692386',50,1,NULL,NULL,1,'flatcontent.blocks',147,'description','查看更多',''),(51,NULL,'2020-12-23 14:19:20.353485','2020-12-23 14:19:20.353512',51,1,NULL,NULL,1,'flatcontent.blocks',148,'description','查看更多',''),(52,NULL,'2020-12-23 14:19:24.679347','2020-12-23 14:19:24.679368',52,1,NULL,NULL,1,'flatcontent.blocks',149,'description','查看更多',''),(53,NULL,'2020-12-23 14:19:28.647459','2020-12-23 14:19:28.647485',53,1,NULL,NULL,1,'flatcontent.blocks',150,'description','查看更多',''),(54,NULL,'2020-12-23 14:19:32.847610','2020-12-23 14:19:32.847650',54,1,NULL,NULL,1,'flatcontent.blocks',151,'description','查看更多',''),(55,NULL,'2020-12-23 14:54:30.976751','2020-12-23 14:54:30.976778',55,1,NULL,NULL,1,'flatcontent.blocks',194,'html','您需要设计吗？<br>请简单的描述一下你要设计的<br>项目，我们会尽快与您联系。\r\n',''),(56,NULL,'2020-12-23 14:54:50.216100','2020-12-23 14:54:50.216140',56,1,NULL,NULL,1,'flatcontent.blocks',194,'name','设计申请表格',''),(57,NULL,'2020-12-27 13:08:43.892892','2020-12-27 13:08:43.892915',57,1,NULL,NULL,1,'flatcontent.blocks',234,'description','您的姓名',''),(58,NULL,'2020-12-27 13:08:53.481651','2020-12-27 13:08:53.481672',58,1,NULL,NULL,1,'flatcontent.blocks',236,'description','手机号码',''),(59,NULL,'2020-12-27 13:09:02.782338','2020-12-27 13:09:02.782367',59,1,NULL,NULL,1,'flatcontent.blocks',238,'description','公司名称',''),(60,NULL,'2020-12-27 13:09:09.212134','2020-12-27 13:09:09.212155',60,1,NULL,NULL,1,'flatcontent.blocks',239,'description','要设计的项目描述',''),(61,NULL,'2020-12-27 13:09:16.130971','2020-12-27 13:09:16.130997',61,1,NULL,NULL,1,'flatcontent.blocks',240,'description','附加文件',''),(62,NULL,'2020-12-27 13:09:31.019653','2020-12-27 13:09:31.019685',62,1,NULL,NULL,1,'flatcontent.blocks',241,'description','上传',''),(63,NULL,'2020-12-27 13:28:41.594341','2020-12-27 13:28:41.594361',63,1,NULL,NULL,1,'flatcontent.blocks',105,'title','最近完成的设计案例',''),(64,NULL,'2020-12-27 20:02:16.375539','2020-12-27 20:02:16.375594',64,1,NULL,NULL,1,'flatcontent.blocks',193,'html','info@infinityink.eu',''),(65,NULL,'2020-12-27 20:02:36.183233','2020-12-27 20:02:36.183276',65,1,NULL,NULL,1,'flatcontent.blocks',4,'html','info@infinityink.eu',''),(66,NULL,'2020-12-27 20:03:20.654054','2020-12-27 20:03:20.654070',66,1,NULL,NULL,1,'flatcontent.blocks',2,'html','+86 134 29 020002',''),(67,NULL,'2021-01-04 16:10:54.874958','2021-01-04 16:10:54.874991',67,1,NULL,NULL,1,'flatcontent.blocks',105,'class_name','special',''),(68,NULL,'2021-01-06 17:03:11.436342','2021-01-06 17:03:11.436372',68,1,NULL,NULL,1,'flatcontent.containers',20,'name','视觉',''),(69,NULL,'2021-01-06 17:27:11.723204','2021-01-06 17:27:11.723230',69,1,NULL,NULL,1,'flatcontent.containers',29,'name','工业设计',''),(70,NULL,'2021-01-06 17:27:11.730315','2021-01-06 17:27:11.730350',70,1,NULL,NULL,1,'flatcontent.containers',29,'description','工业设计',''),(71,NULL,'2021-01-06 17:28:01.635290','2021-01-06 17:28:01.635317',71,1,NULL,NULL,1,'flatcontent.containers',30,'name','包装设计',''),(72,NULL,'2021-01-06 17:28:01.641153','2021-01-06 17:28:01.641180',72,1,NULL,NULL,1,'flatcontent.containers',30,'description','包装设计',''),(73,NULL,'2021-01-06 17:28:36.644393','2021-01-06 17:28:36.644433',73,1,NULL,NULL,1,'flatcontent.containers',31,'name','网页设计',''),(74,NULL,'2021-01-06 17:28:36.650621','2021-01-06 17:28:36.650647',74,1,NULL,NULL,1,'flatcontent.containers',31,'description','网页设计',''),(75,NULL,'2021-01-06 17:34:56.053501','2021-01-06 17:34:56.053521',75,1,NULL,NULL,1,'flatcontent.containers',32,'name','包装设计',''),(76,NULL,'2021-01-06 17:34:56.063485','2021-01-06 17:34:56.063512',76,1,NULL,NULL,1,'flatcontent.containers',32,'description','包装设计',''),(77,NULL,'2021-01-06 17:35:40.929464','2021-01-06 17:35:40.929500',77,1,NULL,NULL,1,'flatcontent.containers',33,'name','网页设计',''),(78,NULL,'2021-01-06 17:35:40.935808','2021-01-06 17:35:40.935847',78,1,NULL,NULL,1,'flatcontent.containers',33,'description','网页设计',''),(79,NULL,'2021-01-08 13:48:48.936845','2021-01-08 13:48:48.936875',79,1,NULL,NULL,1,'flatcontent.blocks',215,'html','视觉设计是一项复杂的任务，正确的方案能够促成品牌或公司良 好的“脸面”。企业形象是企业与目标群通过视觉元素的互动与交流。',''),(80,NULL,'2021-01-08 13:50:58.984029','2021-01-08 13:50:58.984062',80,1,NULL,NULL,1,'flatcontent.blocks',216,'html','<div>我们综合考虑企业风格色调、字体和图形在不同条件下&nbsp;<span style=\"background-color: initial;\">(室内和室外，光线明亮和昏暗)，</span></div>',''),(81,NULL,'2021-01-08 13:51:13.753187','2021-01-08 13:51:13.753221',81,1,NULL,NULL,1,'flatcontent.blocks',217,'html','以及在不同媒介(海报和小型 名片等)上的外观效果。',''),(82,NULL,'2021-01-08 13:51:57.320551','2021-01-08 13:51:57.320602',82,1,NULL,NULL,1,'flatcontent.blocks',219,'html','玩具制造商的商标',''),(83,NULL,'2021-01-08 13:54:33.798941','2021-01-08 13:54:33.798975',83,1,NULL,NULL,1,'flatcontent.blocks',220,'html','从事外贸，质检服务公司的LOGO。<br>',''),(84,NULL,'2021-01-08 13:55:45.134194','2021-01-08 13:55:45.134236',84,1,NULL,NULL,1,'flatcontent.blocks',221,'html','打猎摄像头生产商的LOGO。',''),(85,NULL,'2021-01-08 14:16:56.338976','2021-01-08 14:16:56.339015',85,1,NULL,NULL,1,'flatcontent.blocks',371,'html','宠物用品制造商的商标。',''),(86,NULL,'2021-01-08 14:26:04.507347','2021-01-08 14:26:04.507371',86,1,NULL,NULL,1,'flatcontent.blocks',372,'html','建筑积木生产商的LOGO',''),(87,NULL,'2021-01-08 14:30:01.223668','2021-01-08 14:30:01.223695',87,1,NULL,NULL,1,'flatcontent.blocks',373,'html','营销公司的商标',''),(88,NULL,'2021-01-08 14:48:54.306545','2021-01-08 14:48:54.306571',88,1,NULL,NULL,1,'flatcontent.blocks',231,'html','关于公司和服务的信息图',''),(89,NULL,'2021-01-08 14:51:23.585151','2021-01-08 14:51:23.585182',89,1,NULL,NULL,1,'flatcontent.blocks',229,'html','口琴玩具和吉他玩具的插图',''),(90,NULL,'2021-01-08 14:51:38.245634','2021-01-08 14:51:38.245662',90,1,NULL,NULL,1,'flatcontent.blocks',230,'html','木琴玩具插图',''),(91,NULL,'2021-01-08 14:51:52.729002','2021-01-08 14:51:52.729034',91,1,NULL,NULL,1,'flatcontent.blocks',232,'html','儿童帐篷插图',''),(92,NULL,'2021-01-08 14:52:11.455965','2021-01-08 14:52:11.456003',92,1,NULL,NULL,1,'flatcontent.blocks',233,'html','积木玩具插图',''),(93,NULL,'2021-01-08 14:55:56.240639','2021-01-08 14:55:56.240676',93,1,NULL,NULL,1,'flatcontent.blocks',374,'html','充气玩具插图',''),(94,NULL,'2021-01-08 14:58:01.420532','2021-01-08 14:58:01.420555',94,1,NULL,NULL,1,'flatcontent.blocks',219,'name','AVITO玩具',''),(95,NULL,'2021-01-08 14:58:10.767892','2021-01-08 14:58:10.767941',95,1,NULL,NULL,1,'flatcontent.blocks',220,'name','栗树贸易代理LOGO',''),(96,NULL,'2021-01-08 14:58:15.250440','2021-01-08 14:58:15.250496',96,1,NULL,NULL,1,'flatcontent.blocks',221,'name','COCOCAM',''),(97,NULL,'2021-01-08 14:58:19.833262','2021-01-08 14:58:19.833282',97,1,NULL,NULL,1,'flatcontent.blocks',371,'name','Empy',''),(98,NULL,'2021-01-08 14:58:23.389918','2021-01-08 14:58:23.389951',98,1,NULL,NULL,1,'flatcontent.blocks',372,'name','HOGOKIDS',''),(99,NULL,'2021-01-08 14:58:29.535967','2021-01-08 14:58:29.536003',99,1,NULL,NULL,1,'flatcontent.blocks',373,'name','MEA',''),(100,NULL,'2021-01-08 14:59:56.061782','2021-01-08 14:59:56.061805',100,1,NULL,NULL,1,'flatcontent.blocks',249,'name','儿童家具',''),(101,NULL,'2021-01-08 15:01:20.147516','2021-01-08 15:01:20.147551',101,1,NULL,NULL,1,'flatcontent.blocks',249,'html','弯的三合板+动物图案。北欧风格的圆形桌子配了笔筒和收纳盒。',''),(102,NULL,'2021-01-08 15:05:50.595581','2021-01-08 15:05:50.595659',102,1,NULL,NULL,1,'flatcontent.blocks',250,'name','Lucy&Leo厨房玩具',''),(103,NULL,'2021-01-08 15:07:15.502083','2021-01-08 15:07:15.502101',103,1,NULL,NULL,1,'flatcontent.blocks',250,'html','可以变形的厨房玩具, 2合1',''),(104,NULL,'2021-01-08 15:07:53.504788','2021-01-08 15:07:53.504812',104,1,NULL,NULL,1,'flatcontent.blocks',251,'name','Lucy&Leo工作台玩具',''),(105,NULL,'2021-01-08 15:07:53.510576','2021-01-08 15:07:53.510606',105,1,NULL,NULL,1,'flatcontent.blocks',251,'html','可以变形的工作台玩具, 2和1<br>',''),(106,NULL,'2021-01-08 15:14:49.874584','2021-01-08 15:14:49.874624',106,1,NULL,NULL,1,'flatcontent.blocks',375,'name','Lucy&Leo“森林之树”墙壁玩具',''),(107,NULL,'2021-01-08 15:16:38.708508','2021-01-08 15:16:38.708531',107,1,NULL,NULL,1,'flatcontent.blocks',375,'html','森林动物风格，可以固定在墙上的玩具',''),(108,NULL,'2021-01-08 15:21:36.611042','2021-01-08 15:21:36.611079',108,1,NULL,NULL,1,'flatcontent.blocks',377,'name','Obro宇宙敲桩台',''),(109,NULL,'2021-01-08 15:22:13.029917','2021-01-08 15:22:13.029939',109,1,NULL,NULL,1,'flatcontent.blocks',377,'html','太空风格的敲桩玩具',''),(110,NULL,'2021-01-08 15:25:16.387901','2021-01-08 15:25:16.387927',110,1,NULL,NULL,1,'flatcontent.blocks',379,'name','外星人喷泉水池',''),(111,NULL,'2021-01-08 15:26:20.364243','2021-01-08 15:26:20.364268',111,1,NULL,NULL,1,'flatcontent.blocks',379,'html','宇宙外星人的风格的喷泉水池',''),(112,NULL,'2021-01-08 15:31:16.022844','2021-01-08 15:31:16.022874',112,1,NULL,NULL,1,'flatcontent.blocks',245,'html','我们将自己童年所学习到的知识，运用到玩具设计上，并生产出新颖且具有教育意 义的玩具。<br>',''),(113,NULL,'2021-01-08 15:33:17.522484','2021-01-08 15:33:17.522503',113,1,NULL,NULL,1,'flatcontent.blocks',247,'html','寓教于乐!&nbsp;简单而富有创意，就是这样!',''),(114,NULL,'2021-01-08 15:33:48.330099','2021-01-08 15:33:48.330136',114,1,NULL,NULL,1,'flatcontent.blocks',246,'html','我们的玩具会让孩子以简单的游戏方式不停地学习开发自己的智力。<br>',''),(115,NULL,'2021-01-08 15:56:41.823798','2021-01-08 15:56:41.823832',115,1,NULL,NULL,1,'flatcontent.blocks',292,'html','产品必须具有竞争力和吸引力。如何生产满足这些条件的产品呢? 产品设计、产品改进和商业成功离不开工业设计这一重要部分。',''),(116,NULL,'2021-01-08 15:56:48.555726','2021-01-08 15:56:48.555754',116,1,NULL,NULL,1,'flatcontent.blocks',293,'html','&nbsp;在当今市场如果没有协调的、实用的设计，就意味着丧失了竞争力。&nbsp;',''),(117,NULL,'2021-01-08 15:56:52.969113','2021-01-08 15:56:52.969135',117,1,NULL,NULL,1,'flatcontent.blocks',294,'html','我们为大众消费品、玩具和电子设备等产品提供最新、 最切合实际的设计。',''),(118,NULL,'2021-01-08 15:59:10.999735','2021-01-08 15:59:10.999802',118,1,NULL,NULL,1,'flatcontent.blocks',296,'name','Amani紧急按钮戒指',''),(119,NULL,'2021-01-08 16:02:14.746663','2021-01-08 16:02:14.746689',119,1,NULL,NULL,1,'flatcontent.blocks',296,'html','本款戒指在紧急情况下会给紧急联系人发生命危险通知信息',''),(120,NULL,'2021-01-08 16:03:40.569327','2021-01-08 16:03:40.569366',120,1,NULL,NULL,1,'flatcontent.blocks',297,'name','儿童房空气加湿器',''),(121,NULL,'2021-01-08 16:07:21.647386','2021-01-08 16:07:21.647423',121,1,NULL,NULL,1,'flatcontent.blocks',297,'html','这款空气加湿器我们是专门为患有呼吸道疾病或皮肤干燥的婴幼儿设计的。',''),(122,NULL,'2021-01-08 16:13:06.848034','2021-01-08 16:13:06.848056',122,1,NULL,NULL,1,'flatcontent.blocks',298,'html','该项目地目标是创建一个时尚而优雅的多功能路由器，使其适合每个客厅的风格。',''),(123,NULL,'2021-01-08 16:13:22.430189','2021-01-08 16:13:22.430210',123,1,NULL,NULL,1,'flatcontent.blocks',298,'name','网络路由器',''),(124,NULL,'2021-01-08 16:15:07.434398','2021-01-08 16:15:07.434422',124,1,NULL,NULL,1,'flatcontent.blocks',381,'name','儿童头盔',''),(125,NULL,'2021-01-08 16:17:14.796756','2021-01-08 16:17:14.796787',125,1,NULL,NULL,1,'flatcontent.blocks',381,'html','适合日常使用的儿童头盔。为Head品牌而设计的。',''),(126,NULL,'2021-01-08 16:18:40.688020','2021-01-08 16:18:40.688046',126,1,NULL,NULL,1,'flatcontent.blocks',299,'name','Tikino投影机',''),(127,NULL,'2021-01-08 16:20:03.674291','2021-01-08 16:20:03.674312',127,1,NULL,NULL,1,'flatcontent.blocks',299,'html','我们的初衷是为7岁以下的儿童提供一种平价且功能丰富的设计。非常适合娱乐和学习，观看视频，听音乐等。',''),(128,NULL,'2021-01-08 16:22:44.996762','2021-01-08 16:22:44.996788',128,1,NULL,NULL,1,'flatcontent.blocks',300,'name','OWA路由器信号扩大器',''),(129,NULL,'2021-01-08 16:25:56.201431','2021-01-08 16:25:56.201454',129,1,NULL,NULL,1,'flatcontent.blocks',347,'html','简单而实用的信号增强器，可以放在家里的任何地方也不会碍事。',''),(130,NULL,'2021-01-08 16:31:11.124256','2021-01-08 16:31:11.124279',130,1,NULL,NULL,1,'flatcontent.blocks',300,'html','简约而实用的信号增强器。可以放在家里的任何地方，也不会碍事。',''),(131,NULL,'2021-01-08 16:42:27.247735','2021-01-08 16:42:27.247758',131,1,NULL,NULL,1,'flatcontent.blocks',306,'name','飞镖游戏',''),(132,NULL,'2021-01-08 16:43:53.192738','2021-01-08 16:43:53.192778',132,1,NULL,NULL,1,'flatcontent.blocks',306,'html','针对美国市场的飞镖游戏和包装的设计。',''),(133,NULL,'2021-01-08 16:46:52.115883','2021-01-08 16:46:52.115926',133,1,NULL,NULL,1,'flatcontent.blocks',307,'name','H2水包装',''),(134,NULL,'2021-01-08 16:46:52.123993','2021-01-08 16:46:52.124019',134,1,NULL,NULL,1,'flatcontent.blocks',307,'html','来自日本的富含氢元素的水概念。',''),(135,NULL,'2021-01-08 16:48:25.027571','2021-01-08 16:48:25.027598',135,1,NULL,NULL,1,'flatcontent.blocks',308,'name','冰淇淋包装',''),(136,NULL,'2021-01-08 16:49:45.445447','2021-01-08 16:49:45.445479',136,1,NULL,NULL,1,'flatcontent.blocks',308,'html','各种口味冰淇淋的包装。',''),(137,NULL,'2021-01-08 16:51:04.088003','2021-01-08 16:51:04.088045',137,1,NULL,NULL,1,'flatcontent.blocks',309,'name','阿尔曼馒头包装',''),(138,NULL,'2021-01-08 16:54:33.557052','2021-01-08 16:54:33.557100',138,1,NULL,NULL,1,'flatcontent.blocks',309,'html','为阿尔曼公司做的馒头包装。',''),(139,NULL,'2021-01-08 16:56:30.215364','2021-01-08 16:56:30.215395',139,1,NULL,NULL,1,'flatcontent.blocks',310,'name','INATECK车载充电器的包装',''),(140,NULL,'2021-01-08 16:57:32.008994','2021-01-08 16:57:32.009021',140,1,NULL,NULL,1,'flatcontent.blocks',310,'html','车上使用的充电器包装。',''),(141,NULL,'2021-01-08 16:58:35.249514','2021-01-08 16:58:35.249548',141,1,NULL,NULL,1,'flatcontent.blocks',382,'name','YALIDA包装',''),(142,NULL,'2021-01-08 16:59:24.261955','2021-01-08 16:59:24.262059',142,1,NULL,NULL,1,'flatcontent.blocks',382,'html','自攻螺丝的包装。',''),(143,NULL,'2021-01-08 17:11:28.350713','2021-01-08 17:11:28.350765',143,1,NULL,NULL,1,'flatcontent.blocks',357,'name','飞镖游戏',''),(144,NULL,'2021-01-08 17:11:59.236252','2021-01-08 17:11:59.236294',144,1,NULL,NULL,1,'flatcontent.blocks',358,'name','H2水包装',''),(145,NULL,'2021-01-08 17:12:19.513974','2021-01-08 17:12:19.514008',145,1,NULL,NULL,1,'flatcontent.blocks',359,'name','冰淇淋包装',''),(146,NULL,'2021-01-08 17:12:52.318150','2021-01-08 17:12:52.318175',146,1,NULL,NULL,1,'flatcontent.blocks',360,'name','阿尔曼馒头',''),(147,NULL,'2021-01-08 17:13:23.551140','2021-01-08 17:13:23.551184',147,1,NULL,NULL,1,'flatcontent.blocks',361,'name','INATECK车载充电器',''),(148,NULL,'2021-01-08 17:13:46.588195','2021-01-08 17:13:46.588234',148,1,NULL,NULL,1,'flatcontent.blocks',362,'name','YALIDA包装',''),(149,NULL,'2021-01-08 17:20:51.479817','2021-01-08 17:20:51.479837',149,1,NULL,NULL,1,'flatcontent.blocks',323,'name','Amani紧急按钮戒指',''),(150,NULL,'2021-01-08 17:21:09.667524','2021-01-08 17:21:09.667567',150,1,NULL,NULL,1,'flatcontent.blocks',324,'name','儿童房空气加湿器',''),(151,NULL,'2021-01-08 17:21:19.559429','2021-01-08 17:21:19.559450',151,1,NULL,NULL,1,'flatcontent.blocks',325,'name','网络路由器',''),(152,NULL,'2021-01-08 17:21:39.333194','2021-01-08 17:21:39.333244',152,1,NULL,NULL,1,'flatcontent.blocks',342,'name','Tikino投影机',''),(153,NULL,'2021-01-08 17:23:38.182628','2021-01-08 17:23:38.182680',153,1,NULL,NULL,1,'flatcontent.blocks',346,'name','儿童头盔',''),(154,NULL,'2021-01-08 17:23:49.827375','2021-01-08 17:23:49.827408',154,1,NULL,NULL,1,'flatcontent.blocks',347,'name','OWA路由器信号扩大器',''),(155,NULL,'2021-01-08 17:24:33.926361','2021-01-08 17:24:33.926394',155,1,NULL,NULL,1,'flatcontent.blocks',268,'name','AVITO玩具',''),(156,NULL,'2021-01-08 17:25:22.405517','2021-01-08 17:25:22.405556',156,1,NULL,NULL,1,'flatcontent.blocks',269,'name','栗树贸易代理LOGO',''),(157,NULL,'2021-01-08 17:25:54.712854','2021-01-08 17:25:54.712880',157,1,NULL,NULL,1,'flatcontent.blocks',335,'name','Empy',''),(158,NULL,'2021-01-08 17:25:59.287114','2021-01-08 17:25:59.287139',158,1,NULL,NULL,1,'flatcontent.blocks',336,'name','HOGOKIDS',''),(159,NULL,'2021-01-08 17:26:54.975418','2021-01-08 17:26:54.975460',159,1,NULL,NULL,1,'flatcontent.blocks',337,'name','MEA营销',''),(160,NULL,'2021-01-08 17:31:38.649994','2021-01-08 17:31:38.650023',160,1,NULL,NULL,1,'flatcontent.blocks',229,'name','Lucy&Leo唱歌之猫',''),(161,NULL,'2021-01-08 17:32:58.457043','2021-01-08 17:32:58.457074',161,1,NULL,NULL,1,'flatcontent.blocks',365,'name','Lucy&Leo唱歌之猫',''),(162,NULL,'2021-01-08 17:33:46.170697','2021-01-08 17:33:46.170717',162,1,NULL,NULL,1,'flatcontent.blocks',230,'name','Lucy&Leo爵士之鸟',''),(163,NULL,'2021-01-08 17:33:57.331590','2021-01-08 17:33:57.331617',163,1,NULL,NULL,1,'flatcontent.blocks',366,'name','Lucy&Leo爵士之鸟',''),(164,NULL,'2021-01-08 17:34:43.068689','2021-01-08 17:34:43.068718',164,1,NULL,NULL,1,'flatcontent.blocks',231,'name','MEA营销信息图',''),(165,NULL,'2021-01-08 17:34:45.835813','2021-01-08 17:34:45.835842',165,1,NULL,NULL,1,'flatcontent.blocks',367,'name','MEA营销信息图',''),(166,NULL,'2021-01-08 17:35:07.946962','2021-01-08 17:35:07.946987',166,1,NULL,NULL,1,'flatcontent.blocks',368,'name','充气玩具',''),(167,NULL,'2021-01-08 17:35:20.658321','2021-01-08 17:35:20.658346',167,1,NULL,NULL,1,'flatcontent.blocks',374,'name','充气玩具',''),(168,NULL,'2021-01-08 17:35:38.770779','2021-01-08 17:35:38.770810',168,1,NULL,NULL,1,'flatcontent.blocks',232,'name','恐龙帐篷',''),(169,NULL,'2021-01-08 17:35:41.618147','2021-01-08 17:35:41.618166',169,1,NULL,NULL,1,'flatcontent.blocks',369,'name','恐龙帐篷',''),(170,NULL,'2021-01-08 17:36:06.627115','2021-01-08 17:36:06.627140',170,1,NULL,NULL,1,'flatcontent.blocks',233,'name','OBRO积木',''),(171,NULL,'2021-01-08 17:36:11.585271','2021-01-08 17:36:11.585307',171,1,NULL,NULL,1,'flatcontent.blocks',370,'name','OBRO积木',''),(172,NULL,'2021-01-08 17:36:56.585137','2021-01-08 17:36:56.585168',172,1,NULL,NULL,1,'flatcontent.blocks',282,'name','儿童家具',''),(173,NULL,'2021-01-08 17:37:12.763921','2021-01-08 17:37:12.763943',173,1,NULL,NULL,1,'flatcontent.blocks',283,'name','Lucy&Leo厨房玩具',''),(174,NULL,'2021-01-08 17:37:28.759594','2021-01-08 17:37:28.759613',174,1,NULL,NULL,1,'flatcontent.blocks',284,'name','Lucy&Leo工作台玩具',''),(175,NULL,'2021-01-08 17:37:41.286879','2021-01-08 17:37:41.286910',175,1,NULL,NULL,1,'flatcontent.blocks',338,'name','Lucy&Leo“森林之树”墙壁玩具',''),(176,NULL,'2021-01-08 17:38:11.087430','2021-01-08 17:38:11.087450',176,1,NULL,NULL,1,'flatcontent.blocks',340,'name','外星人喷泉水池',''),(177,NULL,'2021-01-08 17:38:26.457965','2021-01-08 17:38:26.457990',177,1,NULL,NULL,1,'flatcontent.blocks',345,'name','Obro宇宙敲桩台',''),(178,NULL,'2021-01-08 17:41:31.404879','2021-01-08 17:41:31.404918',178,1,NULL,NULL,1,'flatcontent.containers',25,'name','AVITO玩具',''),(179,NULL,'2021-01-08 17:42:25.552044','2021-01-08 17:42:25.552079',179,1,NULL,NULL,1,'flatcontent.containers',26,'name','儿童家具',''),(180,NULL,'2021-01-08 17:42:45.864710','2021-01-08 17:42:45.864735',180,1,NULL,NULL,1,'flatcontent.containers',26,'description','儿童家具',''),(181,NULL,'2021-01-08 17:44:30.915228','2021-01-08 17:44:30.915248',181,1,NULL,NULL,1,'flatcontent.containers',25,'description','AVITO Toys\r\n',''),(182,NULL,'2021-01-08 17:45:43.687941','2021-01-08 17:45:43.687963',182,1,NULL,NULL,1,'flatcontent.containers',27,'description','栗树贸易代理LOGO<br>',''),(183,NULL,'2021-01-08 17:47:35.673032','2021-01-08 17:47:35.673051',183,1,NULL,NULL,1,'flatcontent.containers',28,'name','Lucy&Leo厨房玩具',''),(184,NULL,'2021-01-08 17:48:11.918077','2021-01-08 17:48:11.918108',184,1,NULL,NULL,1,'flatcontent.containers',28,'description','Lucy&amp;Leo厨房玩具<br>',''),(185,NULL,'2021-01-08 17:49:56.740811','2021-01-08 17:49:56.740842',185,1,NULL,NULL,1,'flatcontent.containers',34,'name','Amani紧急按钮戒指',''),(186,NULL,'2021-01-08 17:50:19.032253','2021-01-08 17:50:19.032272',186,1,NULL,NULL,1,'flatcontent.containers',34,'description','Amani紧急按钮戒指',''),(187,NULL,'2021-01-08 17:58:03.163364','2021-01-08 17:58:03.163393',187,1,NULL,NULL,1,'flatcontent.blocks',316,'name','LSHBC',''),(188,NULL,'2021-01-08 18:01:24.522746','2021-01-08 18:01:24.522795',188,1,NULL,NULL,1,'flatcontent.blocks',316,'html','为上海俐欧商务咨询有限公司设计的网站。',''),(189,NULL,'2021-01-08 18:03:39.877586','2021-01-08 18:03:39.877608',189,1,NULL,NULL,1,'flatcontent.blocks',317,'name','MotorData',''),(190,NULL,'2021-01-08 18:03:39.883385','2021-01-08 18:03:39.883425',190,1,NULL,NULL,1,'flatcontent.blocks',317,'html','汽车诊断应用小程序。',''),(191,NULL,'2021-01-08 18:09:34.892703','2021-01-08 18:09:34.892725',191,1,NULL,NULL,1,'flatcontent.blocks',318,'html','&nbsp;社交平台设计。',''),(192,NULL,'2021-01-08 18:10:02.552458','2021-01-08 18:10:02.552481',192,1,NULL,NULL,1,'flatcontent.blocks',318,'name','Naviaddress',''),(193,NULL,'2021-01-08 18:16:14.768902','2021-01-08 18:16:14.768923',193,1,NULL,NULL,1,'flatcontent.blocks',319,'name','Jumbo Toys网站',''),(194,NULL,'2021-01-08 18:16:14.776177','2021-01-08 18:16:14.776201',194,1,NULL,NULL,1,'flatcontent.blocks',319,'html','为Jumbo Toys设计的网站。',''),(195,NULL,'2021-01-08 18:18:47.337034','2021-01-08 18:18:47.337059',195,1,NULL,NULL,1,'flatcontent.blocks',320,'name','Lucy&Leo淘宝店',''),(196,NULL,'2021-01-08 18:20:40.085776','2021-01-08 18:20:40.085803',196,1,NULL,NULL,1,'flatcontent.blocks',320,'html','为Lucy&amp;Leo整体设计的网店。',''),(197,NULL,'2021-01-08 18:21:54.010334','2021-01-08 18:21:54.010356',197,1,NULL,NULL,1,'flatcontent.blocks',383,'name','OBRO Toys淘宝店',''),(198,NULL,'2021-01-08 18:22:14.070017','2021-01-08 18:22:14.070037',198,1,NULL,NULL,1,'flatcontent.blocks',383,'html','为OBRO Toys整体设计的网店。',''),(199,NULL,'2021-01-08 18:24:08.227863','2021-01-08 18:24:08.227909',199,1,NULL,NULL,1,'flatcontent.blocks',351,'name','Naviaddress',''),(200,NULL,'2021-01-08 18:24:30.939263','2021-01-08 18:24:30.939289',200,1,NULL,NULL,1,'flatcontent.blocks',352,'name','Jumbo Toys网站',''),(201,NULL,'2021-01-08 18:25:08.279761','2021-01-08 18:25:08.279804',201,1,NULL,NULL,1,'flatcontent.blocks',354,'name','Lucy&Leo淘宝店',''),(202,NULL,'2021-01-08 18:25:42.589829','2021-01-08 18:25:42.589864',202,1,NULL,NULL,1,'flatcontent.blocks',356,'name','OBRO Toys淘宝店',''),(203,NULL,'2021-01-08 18:34:39.567685','2021-01-08 18:34:39.567717',203,1,NULL,NULL,1,'flatcontent.containers',35,'name','Empy',''),(204,NULL,'2021-01-08 18:36:17.712001','2021-01-08 18:36:17.712028',204,1,NULL,NULL,1,'flatcontent.containers',35,'description','宠物用品制造商的商标。',''),(205,NULL,'2021-01-08 18:37:44.354888','2021-01-08 18:37:44.354923',205,1,NULL,NULL,1,'flatcontent.blocks',384,'html','宠物用品制造商的商标。<br>',''),(206,NULL,'2021-01-08 18:54:21.072713','2021-01-08 18:54:21.072746',206,1,NULL,NULL,1,'flatcontent.containers',36,'name','COCOCAM',''),(207,NULL,'2021-01-08 18:54:21.080149','2021-01-08 18:54:21.080178',207,1,NULL,NULL,1,'flatcontent.containers',36,'description','COCOCAM\r\n',''),(208,NULL,'2021-01-08 18:54:55.957478','2021-01-08 18:54:55.957496',208,1,NULL,NULL,1,'flatcontent.blocks',388,'html','打猎摄像头生产商的LOGO。',''),(209,NULL,'2021-01-08 19:51:07.080684','2021-01-08 19:51:07.080801',209,1,NULL,NULL,1,'flatcontent.containers',37,'name','HOGOKIDS',''),(210,NULL,'2021-01-08 19:51:07.086396','2021-01-08 19:51:07.086418',210,1,NULL,NULL,1,'flatcontent.containers',37,'description','HOGOKIDS',''),(211,NULL,'2021-01-08 19:52:04.092359','2021-01-08 19:52:04.092387',211,1,NULL,NULL,1,'flatcontent.containers',38,'name','MEA营销',''),(212,NULL,'2021-01-08 19:52:04.100700','2021-01-08 19:52:04.100726',212,1,NULL,NULL,1,'flatcontent.containers',38,'description','MEA营销',''),(213,NULL,'2021-01-08 19:53:43.887015','2021-01-08 19:53:43.887034',213,1,NULL,NULL,1,'flatcontent.containers',39,'name','儿童家具',''),(214,NULL,'2021-01-08 19:53:43.894247','2021-01-08 19:53:43.894266',214,1,NULL,NULL,1,'flatcontent.containers',39,'description','儿童家具',''),(215,NULL,'2021-01-08 19:54:22.750828','2021-01-08 19:54:22.750850',215,1,NULL,NULL,1,'flatcontent.containers',40,'name','Lucy&Leo厨房玩具',''),(216,NULL,'2021-01-08 19:54:22.759000','2021-01-08 19:54:22.759019',216,1,NULL,NULL,1,'flatcontent.containers',40,'description','Lucy&amp;Leo厨房玩具',''),(217,NULL,'2021-01-08 19:55:27.726564','2021-01-08 19:55:27.726583',217,1,NULL,NULL,1,'flatcontent.containers',41,'name','Lucy&Leo工作台玩具',''),(218,NULL,'2021-01-08 19:55:27.732434','2021-01-08 19:55:27.732455',218,1,NULL,NULL,1,'flatcontent.containers',41,'description','Lucy&amp;Leo工作台玩具',''),(219,NULL,'2021-01-08 19:56:06.633643','2021-01-08 19:56:06.633666',219,1,NULL,NULL,1,'flatcontent.containers',42,'name','Lucy&Leo“森林之树”墙壁玩具',''),(220,NULL,'2021-01-08 19:56:06.639664','2021-01-08 19:56:06.639684',220,1,NULL,NULL,1,'flatcontent.containers',42,'description','Lucy&amp;Leo“森林之树”墙壁玩具',''),(221,NULL,'2021-01-08 19:56:38.354343','2021-01-08 19:56:38.354379',221,1,NULL,NULL,1,'flatcontent.containers',43,'name','外星人喷泉水池',''),(222,NULL,'2021-01-08 19:56:38.360429','2021-01-08 19:56:38.360458',222,1,NULL,NULL,1,'flatcontent.containers',43,'description','外星人喷泉水池',''),(223,NULL,'2021-01-08 19:57:33.907331','2021-01-08 19:57:33.907367',223,1,NULL,NULL,1,'flatcontent.containers',44,'name','Obro宇宙敲桩台',''),(224,NULL,'2021-01-08 19:57:33.914276','2021-01-08 19:57:33.914324',224,1,NULL,NULL,1,'flatcontent.containers',44,'description','Obro宇宙敲桩台',''),(225,NULL,'2021-01-08 19:58:40.294242','2021-01-08 19:58:40.294281',225,1,NULL,NULL,1,'flatcontent.containers',45,'name','儿童房空气加湿器',''),(226,NULL,'2021-01-08 19:58:40.300318','2021-01-08 19:58:40.300342',226,1,NULL,NULL,1,'flatcontent.containers',45,'description','儿童房空气加湿器',''),(227,NULL,'2021-01-08 19:59:22.763247','2021-01-08 19:59:22.763270',227,1,NULL,NULL,1,'flatcontent.containers',46,'name','网络路由器',''),(228,NULL,'2021-01-08 19:59:22.771284','2021-01-08 19:59:22.771314',228,1,NULL,NULL,1,'flatcontent.containers',46,'description','网络路由器',''),(229,NULL,'2021-01-08 20:00:18.686660','2021-01-08 20:00:18.686700',229,1,NULL,NULL,1,'flatcontent.containers',47,'name','Tikino投影机',''),(230,NULL,'2021-01-08 20:00:18.694431','2021-01-08 20:00:18.694506',230,1,NULL,NULL,1,'flatcontent.containers',47,'description','Tikino投影机',''),(231,NULL,'2021-01-08 20:00:55.659814','2021-01-08 20:00:55.659851',231,1,NULL,NULL,1,'flatcontent.containers',48,'name','儿童头盔',''),(232,NULL,'2021-01-08 20:00:55.666972','2021-01-08 20:00:55.667000',232,1,NULL,NULL,1,'flatcontent.containers',48,'description','儿童头盔',''),(233,NULL,'2021-01-08 20:01:32.955898','2021-01-08 20:01:32.955930',233,1,NULL,NULL,1,'flatcontent.containers',49,'name','OWA路由器信号扩大器',''),(234,NULL,'2021-01-08 20:01:32.960903','2021-01-08 20:01:32.960921',234,1,NULL,NULL,1,'flatcontent.containers',49,'description','OWA路由器信号扩大器',''),(235,NULL,'2021-01-08 20:02:04.294164','2021-01-08 20:02:04.294192',235,1,NULL,NULL,1,'flatcontent.containers',50,'name','LSHBC',''),(236,NULL,'2021-01-08 20:02:04.302297','2021-01-08 20:02:04.302341',236,1,NULL,NULL,1,'flatcontent.containers',50,'description','LSHBC',''),(237,NULL,'2021-01-08 20:02:33.082599','2021-01-08 20:02:33.082635',237,1,NULL,NULL,1,'flatcontent.containers',51,'name','Motor Data',''),(238,NULL,'2021-01-08 20:02:33.089651','2021-01-08 20:02:33.089719',238,1,NULL,NULL,1,'flatcontent.containers',51,'description','Motor Data',''),(239,NULL,'2021-01-08 20:02:56.720878','2021-01-08 20:02:56.720901',239,1,NULL,NULL,1,'flatcontent.containers',52,'name','Naviaddress',''),(240,NULL,'2021-01-08 20:02:56.728443','2021-01-08 20:02:56.728461',240,1,NULL,NULL,1,'flatcontent.containers',52,'description','Naviaddress',''),(241,NULL,'2021-01-08 20:03:48.834773','2021-01-08 20:03:48.834793',241,1,NULL,NULL,1,'flatcontent.containers',53,'name','Jumbo Toys网站',''),(242,NULL,'2021-01-08 20:03:48.841618','2021-01-08 20:03:48.841641',242,1,NULL,NULL,1,'flatcontent.containers',53,'description','Jumbo Toys网站',''),(243,NULL,'2021-01-08 20:05:03.549160','2021-01-08 20:05:03.549192',243,1,NULL,NULL,1,'flatcontent.containers',54,'name','Lucy&Leo淘宝店',''),(244,NULL,'2021-01-08 20:05:03.555891','2021-01-08 20:05:03.555912',244,1,NULL,NULL,1,'flatcontent.containers',54,'description','Lucy&amp;Leo淘宝店',''),(245,NULL,'2021-01-08 20:05:50.041013','2021-01-08 20:05:50.041116',245,1,NULL,NULL,1,'flatcontent.containers',55,'name','OBRO Toys淘宝店',''),(246,NULL,'2021-01-08 20:05:50.046894','2021-01-08 20:05:50.046919',246,1,NULL,NULL,1,'flatcontent.containers',55,'description','OBRO Toys淘宝店',''),(247,NULL,'2021-01-08 20:08:14.693808','2021-01-08 20:08:14.693838',247,1,NULL,NULL,1,'flatcontent.containers',56,'name','飞镖游戏',''),(248,NULL,'2021-01-08 20:08:14.699077','2021-01-08 20:08:14.699111',248,1,NULL,NULL,1,'flatcontent.containers',56,'description','飞镖游戏',''),(249,NULL,'2021-01-08 20:08:51.583603','2021-01-08 20:08:51.583635',249,1,NULL,NULL,1,'flatcontent.containers',57,'name','H2水包装',''),(250,NULL,'2021-01-08 20:08:51.589383','2021-01-08 20:08:51.589405',250,1,NULL,NULL,1,'flatcontent.containers',57,'description','H2水包装',''),(251,NULL,'2021-01-08 20:09:36.234645','2021-01-08 20:09:36.234670',251,1,NULL,NULL,1,'flatcontent.containers',58,'name','冰淇淋包装',''),(252,NULL,'2021-01-08 20:09:36.241393','2021-01-08 20:09:36.241510',252,1,NULL,NULL,1,'flatcontent.containers',58,'description','冰淇淋包装',''),(253,NULL,'2021-01-08 20:10:11.215487','2021-01-08 20:10:11.215520',253,1,NULL,NULL,1,'flatcontent.containers',59,'name','阿尔曼馒头',''),(254,NULL,'2021-01-08 20:10:11.225784','2021-01-08 20:10:11.225822',254,1,NULL,NULL,1,'flatcontent.containers',59,'description','阿尔曼馒头',''),(255,NULL,'2021-01-08 20:10:43.123283','2021-01-08 20:10:43.123303',255,1,NULL,NULL,1,'flatcontent.containers',60,'name','INATECK车载充电器',''),(256,NULL,'2021-01-08 20:10:43.130406','2021-01-08 20:10:43.130425',256,1,NULL,NULL,1,'flatcontent.containers',60,'description','INATECK车载充电器',''),(257,NULL,'2021-01-08 20:11:14.927660','2021-01-08 20:11:14.927684',257,1,NULL,NULL,1,'flatcontent.containers',61,'name','YALIDA包装',''),(258,NULL,'2021-01-08 20:11:14.933982','2021-01-08 20:11:14.934011',258,1,NULL,NULL,1,'flatcontent.containers',61,'description','YALIDA包装',''),(259,NULL,'2021-01-08 20:11:47.191762','2021-01-08 20:11:47.191799',259,1,NULL,NULL,1,'flatcontent.containers',62,'description','Lucy&amp;Leo唱歌之猫',''),(260,NULL,'2021-01-08 20:12:26.438360','2021-01-08 20:12:26.438385',260,1,NULL,NULL,1,'flatcontent.containers',63,'name','Lucy&Leo爵士之鸟',''),(261,NULL,'2021-01-08 20:12:26.445468','2021-01-08 20:12:26.445498',261,1,NULL,NULL,1,'flatcontent.containers',63,'description','Lucy&amp;Leo爵士之鸟',''),(262,NULL,'2021-01-08 20:12:58.021440','2021-01-08 20:12:58.021461',262,1,NULL,NULL,1,'flatcontent.containers',64,'name','MEA营销信息图',''),(263,NULL,'2021-01-08 20:12:58.039292','2021-01-08 20:12:58.039360',263,1,NULL,NULL,1,'flatcontent.containers',64,'description','MEA营销信息图',''),(264,NULL,'2021-01-08 20:13:40.187204','2021-01-08 20:13:40.187235',264,1,NULL,NULL,1,'flatcontent.containers',65,'name','充气玩具',''),(265,NULL,'2021-01-08 20:13:40.194059','2021-01-08 20:13:40.194080',265,1,NULL,NULL,1,'flatcontent.containers',65,'description','充气玩具',''),(266,NULL,'2021-01-08 20:14:19.594441','2021-01-08 20:14:19.594459',266,1,NULL,NULL,1,'flatcontent.containers',66,'name','恐龙帐篷',''),(267,NULL,'2021-01-08 20:14:19.601190','2021-01-08 20:14:19.601228',267,1,NULL,NULL,1,'flatcontent.containers',66,'description','恐龙帐篷',''),(268,NULL,'2021-01-08 20:14:54.965497','2021-01-08 20:14:54.965528',268,1,NULL,NULL,1,'flatcontent.containers',67,'name','OBRO积木',''),(269,NULL,'2021-01-08 20:14:54.974223','2021-01-08 20:14:54.974269',269,1,NULL,NULL,1,'flatcontent.containers',67,'description','OBRO积木',''),(270,NULL,'2021-01-08 20:16:30.679407','2021-01-08 20:16:30.679438',270,1,NULL,NULL,1,'flatcontent.blocks',349,'name','LSHBC',''),(271,NULL,'2021-01-08 20:16:54.064799','2021-01-08 20:16:54.064818',271,1,NULL,NULL,1,'flatcontent.blocks',350,'name','Motor Data',''),(272,NULL,'2021-01-08 22:59:19.802132','2021-01-08 22:59:19.802169',272,1,NULL,NULL,1,'flatcontent.blocks',225,'html','插图能使枯燥无味的商业文案和幻灯片变得生动形象。用明亮鲜艳的图像修饰广告和商品，',''),(273,NULL,'2021-01-08 22:59:35.646941','2021-01-08 22:59:35.646982',273,1,NULL,NULL,1,'flatcontent.blocks',226,'html','令人印象深刻、过目不忘。当人们拿起书本、包装或玩具时，绝大多数人会先注意到插图，',''),(274,NULL,'2021-01-08 22:59:40.054231','2021-01-08 22:59:40.054251',274,1,NULL,NULL,1,'flatcontent.blocks',227,'html','因为漂亮的视觉图像会激起人们强烈的情感反应。',''),(275,NULL,'2021-01-11 20:26:36.234330','2021-01-11 20:26:36.234353',275,1,NULL,NULL,1,'flatcontent.blocks',590,'name','多关于我们',''),(276,NULL,'2021-01-11 20:32:49.517347','2021-01-11 20:32:49.517371',276,1,NULL,NULL,1,'flatcontent.blocks',591,'name','多关于我们',''),(277,NULL,'2021-01-12 11:47:04.043607','2021-01-12 11:47:04.043647',277,1,NULL,NULL,1,'flatcontent.blocks',582,'html','\"在西班牙、中国和俄罗斯有9年以上的设计和国际艺术项目经验。我喜欢任何类型的设计，善于将原始思想与热情和奉献精神相结合。我有一个小诀窍，可以达到期望的效果 - 折衷主义，加上独到的见解以及我对工作的热爱\"。&nbsp;<br>---<br>背景:<br><div>设计与工艺美术，硕士学位<br><span style=\"background-color: initial;\">俄罗斯国立职业教育大学<br></span></div>',''),(278,NULL,'2021-01-12 11:50:42.920409','2021-01-12 11:50:42.920445',278,1,NULL,NULL,1,'flatcontent.blocks',584,'html','\"我有超过7年的国外设计项目管理经验。精通汉语、了解中华文化，独具审美能力，所以我可以为中国客户提供最佳服务。 擅长于印刷项目、工业分析、玩具设计、以及市场建立品牌方面。让您的设计梦想成真，是我的使命\"。&nbsp;<br>---<br>背景:<br><div><div>语言学/中文;&nbsp;学士学位，齐齐哈尔大学。<br><span style=\"background-color: initial;\">心理诊断学， 托木斯克立国家研究性大学。</span></div></div>',''),(279,NULL,'2021-01-12 11:51:59.888155','2021-01-12 11:51:59.888207',279,1,NULL,NULL,1,'flatcontent.blocks',583,'html','','<div>\"我在设计方面的经验主要致力于工业产品（机器人，工业产品，玩具...）和数字产品（网站，移动应用程序）的研究。<span style=\"background-color: initial;\">我喜欢所有类型的任务，无论是项目的完整设计还是在项目开发过程中的特定阶段提供及时的支持\"。</span></div><div><span style=\"background-color: initial;\">---<br></span><span style=\"background-color: initial;\">背景:<br><div>可持续设计与创新，硕士学位。<br><span style=\"background-color: initial;\">产品设计，学士学位。<br></span><span style=\"background-color: initial;\">法国南特大西洋设计学院。</span></div></span></div>'),(280,NULL,'2021-01-12 12:29:13.351501','2021-01-12 12:29:13.351535',280,1,NULL,NULL,1,'flatcontent.blocks',579,'html','<div>您好！ 我们是一家专门从事平面图形和工业设计的国际设计工作室。 我们在设计领域为有需要的客户提供专业的意见和专业的服务。 我们确保始终提供最美观、最有效的设计方案。</div>',''),(281,NULL,'2021-01-12 12:29:21.597849','2021-01-12 12:29:21.597884',281,1,NULL,NULL,1,'flatcontent.blocks',580,'html','爱我所爱，行我所行，我们喜欢直率和坦诚的沟通，这是设计方案中最有效的信息，也是双边利益的保证，直接关系着方案结果。 在设计方案的完成过程中，客户和设计人员是平等的，因此我们会向您直接表达我们的真实意见。 欢迎有共同信念客户，与我们团队一起迎接新的挑战！',''),(282,NULL,'2021-01-12 15:29:06.265149','2021-01-12 15:29:06.265207',282,1,NULL,NULL,1,'flatcontent.blocks',585,'html','\"好孩子\"公司的展示厅（昆山市）',''),(283,NULL,'2021-01-12 15:29:42.496685','2021-01-12 15:29:42.496720',283,1,NULL,NULL,1,'flatcontent.blocks',586,'html','展会上见到客户了',''),(284,NULL,'2021-01-12 15:30:24.804014','2021-01-12 15:30:24.804040',284,1,NULL,NULL,1,'flatcontent.blocks',587,'html','别慌张了，保持距离',''),(285,NULL,'2021-01-12 15:30:56.340701','2021-01-12 15:30:56.340761',285,1,NULL,NULL,1,'flatcontent.blocks',588,'html','我们在上海玩具展上的展台',''),(286,NULL,'2021-01-12 15:31:44.970250','2021-01-12 15:31:44.970278',286,1,NULL,NULL,1,'flatcontent.blocks',589,'html','Max和正邦设计公司的陈丹老总',''),(287,NULL,'2021-01-12 15:33:22.646524','2021-01-12 15:33:22.646561',287,1,NULL,NULL,1,'flatcontent.blocks',592,'html','展会在进行中',''),(288,NULL,'2021-01-12 15:33:50.394785','2021-01-12 15:33:50.394833',288,1,NULL,NULL,1,'flatcontent.blocks',593,'html','工厂的一名员工',''),(289,NULL,'2021-01-12 15:35:15.587738','2021-01-12 15:35:15.587784',289,1,NULL,NULL,1,'flatcontent.blocks',594,'html','“通往办公室的阶梯”',''),(290,NULL,'2021-01-12 15:35:31.390670','2021-01-12 15:35:31.390698',290,1,NULL,NULL,1,'flatcontent.blocks',595,'html','工作中。。。',''),(291,NULL,'2021-01-12 16:18:17.034427','2021-01-12 16:18:17.034486',291,1,NULL,NULL,1,'flatcontent.blocks',596,'html','接受CCTV关于玩具设计新趋势的采访',''),(292,NULL,'2021-01-14 11:53:36.188468','2021-01-14 11:53:36.188505',292,1,NULL,NULL,1,'flatcontent.blocks',597,'html','<div><div>我们办公室的3D打印机</div></div>',''),(293,NULL,'2021-01-14 11:53:56.590533','2021-01-14 11:53:56.590560',293,1,NULL,NULL,1,'flatcontent.blocks',598,'html','<div>我们的工业设计师Clemence在工作中</div>',''),(294,NULL,'2021-01-15 16:29:02.903193','2021-01-15 16:29:02.903238',294,1,NULL,NULL,1,'flatcontent.blocks',601,'title','最近完成的项目',''),(295,NULL,'2021-01-15 16:30:42.846502','2021-01-15 16:30:42.846574',295,1,NULL,NULL,1,'flatcontent.blocks',602,'title','最近完成的项目',''),(296,NULL,'2021-01-15 16:31:29.411756','2021-01-15 16:31:29.411797',296,1,NULL,NULL,1,'flatcontent.containers',76,'description','设计案例','');
/*!40000 ALTER TABLE `languages_translate` ENABLE KEYS */;
UNLOCK TABLES;

--
-- Table structure for table `login_customuser`
--

DROP TABLE IF EXISTS `login_customuser`;
/*!40101 SET @saved_cs_client     = @@character_set_client */;
/*!50503 SET character_set_client = utf8mb4 */;
CREATE TABLE `login_customuser` (
  `id` int NOT NULL AUTO_INCREMENT,
  `img` varchar(255) DEFAULT NULL,
  `created` datetime(6) NOT NULL,
  `updated` datetime(6) NOT NULL,
  `position` int DEFAULT NULL,
  `is_active` tinyint(1) NOT NULL,
  `state` int DEFAULT NULL,
  `parents` varchar(255) DEFAULT NULL,
  `phone` varchar(255) DEFAULT NULL,
  `function` varchar(255) DEFAULT NULL,
  `user_id` int NOT NULL,
  PRIMARY KEY (`id`),
  UNIQUE KEY `user_id` (`user_id`),
  KEY `login_customuser_img_6a17a9f3` (`img`),
  KEY `login_customuser_created_4a29e213` (`created`),
  KEY `login_customuser_updated_dc9f9081` (`updated`),
  KEY `login_customuser_position_33445dcc` (`position`),
  KEY `login_customuser_is_active_cccf2704` (`is_active`),
  KEY `login_customuser_state_f0a75add` (`state`),
  KEY `login_customuser_parents_3604d87b` (`parents`),
  KEY `login_customuser_phone_d456dd09` (`phone`),
  KEY `login_customuser_function_2ad64bbc` (`function`),
  CONSTRAINT `login_customuser_user_id_70d7d409_fk_auth_user_id` FOREIGN KEY (`user_id`) REFERENCES `auth_user` (`id`)
) ENGINE=InnoDB AUTO_INCREMENT=3 DEFAULT CHARSET=utf8;
/*!40101 SET character_set_client = @saved_cs_client */;

--
-- Dumping data for table `login_customuser`
--

LOCK TABLES `login_customuser` WRITE;
/*!40000 ALTER TABLE `login_customuser` DISABLE KEYS */;
INSERT INTO `login_customuser` VALUES (1,NULL,'2020-12-06 15:05:34.542779','2021-01-04 16:09:36.233284',1,1,NULL,NULL,NULL,NULL,1),(2,NULL,'2020-12-07 01:22:55.520042','2021-01-15 16:19:38.184954',2,1,NULL,NULL,'','Видимо дирехтор',2);
/*!40000 ALTER TABLE `login_customuser` ENABLE KEYS */;
UNLOCK TABLES;

--
-- Table structure for table `login_extrafields`
--

DROP TABLE IF EXISTS `login_extrafields`;
/*!40101 SET @saved_cs_client     = @@character_set_client */;
/*!50503 SET character_set_client = utf8mb4 */;
CREATE TABLE `login_extrafields` (
  `id` int NOT NULL AUTO_INCREMENT,
  `img` varchar(255) DEFAULT NULL,
  `created` datetime(6) NOT NULL,
  `updated` datetime(6) NOT NULL,
  `position` int DEFAULT NULL,
  `is_active` tinyint(1) NOT NULL,
  `state` int DEFAULT NULL,
  `parents` varchar(255) DEFAULT NULL,
  `name` varchar(255) DEFAULT NULL,
  `field` varchar(255) DEFAULT NULL,
  `show_in_table` tinyint(1) NOT NULL,
  `group_id` int DEFAULT NULL,
  PRIMARY KEY (`id`),
  KEY `login_extrafields_group_id_e7950649_fk_auth_group_id` (`group_id`),
  KEY `login_extrafields_img_6007a1e5` (`img`),
  KEY `login_extrafields_created_724dd98a` (`created`),
  KEY `login_extrafields_updated_730fb204` (`updated`),
  KEY `login_extrafields_position_213dfecb` (`position`),
  KEY `login_extrafields_is_active_829ea67a` (`is_active`),
  KEY `login_extrafields_state_66b5864d` (`state`),
  KEY `login_extrafields_parents_441198ed` (`parents`),
  KEY `login_extrafields_name_d654ec12` (`name`),
  KEY `login_extrafields_field_05c895b8` (`field`),
  KEY `login_extrafields_show_in_table_4a6daeb7` (`show_in_table`),
  CONSTRAINT `login_extrafields_group_id_e7950649_fk_auth_group_id` FOREIGN KEY (`group_id`) REFERENCES `auth_group` (`id`)
) ENGINE=InnoDB DEFAULT CHARSET=utf8;
/*!40101 SET character_set_client = @saved_cs_client */;

--
-- Dumping data for table `login_extrafields`
--

LOCK TABLES `login_extrafields` WRITE;
/*!40000 ALTER TABLE `login_extrafields` DISABLE KEYS */;
/*!40000 ALTER TABLE `login_extrafields` ENABLE KEYS */;
UNLOCK TABLES;

--
-- Table structure for table `login_extrainfo`
--

DROP TABLE IF EXISTS `login_extrainfo`;
/*!40101 SET @saved_cs_client     = @@character_set_client */;
/*!50503 SET character_set_client = utf8mb4 */;
CREATE TABLE `login_extrainfo` (
  `id` int NOT NULL AUTO_INCREMENT,
  `value` varchar(255) DEFAULT NULL,
  `field_id` int DEFAULT NULL,
  `user_id` int DEFAULT NULL,
  PRIMARY KEY (`id`),
  KEY `login_extrainfo_field_id_a5fdd905_fk_login_extrafields_id` (`field_id`),
  KEY `login_extrainfo_user_id_c9445a9d_fk_auth_user_id` (`user_id`),
  KEY `login_extrainfo_value_367be965` (`value`),
  CONSTRAINT `login_extrainfo_field_id_a5fdd905_fk_login_extrafields_id` FOREIGN KEY (`field_id`) REFERENCES `login_extrafields` (`id`),
  CONSTRAINT `login_extrainfo_user_id_c9445a9d_fk_auth_user_id` FOREIGN KEY (`user_id`) REFERENCES `auth_user` (`id`)
) ENGINE=InnoDB DEFAULT CHARSET=utf8;
/*!40101 SET character_set_client = @saved_cs_client */;

--
-- Dumping data for table `login_extrainfo`
--

LOCK TABLES `login_extrainfo` WRITE;
/*!40000 ALTER TABLE `login_extrainfo` DISABLE KEYS */;
/*!40000 ALTER TABLE `login_extrainfo` ENABLE KEYS */;
UNLOCK TABLES;

--
-- Table structure for table `login_extravalues`
--

DROP TABLE IF EXISTS `login_extravalues`;
/*!40101 SET @saved_cs_client     = @@character_set_client */;
/*!50503 SET character_set_client = utf8mb4 */;
CREATE TABLE `login_extravalues` (
  `id` int NOT NULL AUTO_INCREMENT,
  `img` varchar(255) DEFAULT NULL,
  `created` datetime(6) NOT NULL,
  `updated` datetime(6) NOT NULL,
  `position` int DEFAULT NULL,
  `is_active` tinyint(1) NOT NULL,
  `state` int DEFAULT NULL,
  `parents` varchar(255) DEFAULT NULL,
  `value` varchar(255) DEFAULT NULL,
  `field_id` int DEFAULT NULL,
  PRIMARY KEY (`id`),
  KEY `login_extravalues_field_id_6aeff450_fk_login_extrafields_id` (`field_id`),
  KEY `login_extravalues_img_02f21812` (`img`),
  KEY `login_extravalues_created_edaed3b0` (`created`),
  KEY `login_extravalues_updated_320cc6a9` (`updated`),
  KEY `login_extravalues_position_0c7c6e7a` (`position`),
  KEY `login_extravalues_is_active_ae75e02d` (`is_active`),
  KEY `login_extravalues_state_a241360f` (`state`),
  KEY `login_extravalues_parents_aeb6b2c4` (`parents`),
  KEY `login_extravalues_value_c6dc278d` (`value`),
  CONSTRAINT `login_extravalues_field_id_6aeff450_fk_login_extrafields_id` FOREIGN KEY (`field_id`) REFERENCES `login_extrafields` (`id`)
) ENGINE=InnoDB DEFAULT CHARSET=utf8;
/*!40101 SET character_set_client = @saved_cs_client */;

--
-- Dumping data for table `login_extravalues`
--

LOCK TABLES `login_extravalues` WRITE;
/*!40000 ALTER TABLE `login_extravalues` DISABLE KEYS */;
/*!40000 ALTER TABLE `login_extravalues` ENABLE KEYS */;
UNLOCK TABLES;

--
-- Table structure for table `main_functions_config`
--

DROP TABLE IF EXISTS `main_functions_config`;
/*!40101 SET @saved_cs_client     = @@character_set_client */;
/*!50503 SET character_set_client = utf8mb4 */;
CREATE TABLE `main_functions_config` (
  `id` int NOT NULL AUTO_INCREMENT,
  `name` varchar(255) DEFAULT NULL,
  `attr` varchar(255) DEFAULT NULL,
  `value` varchar(255) DEFAULT NULL,
  `created` datetime(6) NOT NULL,
  `img` varchar(255) DEFAULT NULL,
  `is_active` tinyint(1) NOT NULL,
  `parents` varchar(255) DEFAULT NULL,
  `position` int DEFAULT NULL,
  `state` int DEFAULT NULL,
  `updated` datetime(6) NOT NULL,
  PRIMARY KEY (`id`),
  KEY `main_functions_config_name_923c9fba` (`name`),
  KEY `main_functions_config_attr_99aeb037` (`attr`),
  KEY `main_functions_config_value_463dd357` (`value`),
  KEY `main_functions_config_created_e08da0ad` (`created`),
  KEY `main_functions_config_img_1e25f97d` (`img`),
  KEY `main_functions_config_is_active_74557b50` (`is_active`),
  KEY `main_functions_config_parents_e7f90ba8` (`parents`),
  KEY `main_functions_config_position_cd5d988c` (`position`),
  KEY `main_functions_config_state_bce5179d` (`state`),
  KEY `main_functions_config_updated_b30da946` (`updated`)
) ENGINE=InnoDB DEFAULT CHARSET=utf8;
/*!40101 SET character_set_client = @saved_cs_client */;

--
-- Dumping data for table `main_functions_config`
--

LOCK TABLES `main_functions_config` WRITE;
/*!40000 ALTER TABLE `main_functions_config` DISABLE KEYS */;
/*!40000 ALTER TABLE `main_functions_config` ENABLE KEYS */;
UNLOCK TABLES;

--
-- Table structure for table `main_functions_tasks`
--

DROP TABLE IF EXISTS `main_functions_tasks`;
/*!40101 SET @saved_cs_client     = @@character_set_client */;
/*!50503 SET character_set_client = utf8mb4 */;
CREATE TABLE `main_functions_tasks` (
  `id` int NOT NULL AUTO_INCREMENT,
  `command` longtext NOT NULL,
  `created` datetime(6) NOT NULL,
  `img` varchar(255) DEFAULT NULL,
  `is_active` tinyint(1) NOT NULL,
  `name` varchar(255) DEFAULT NULL,
  `parents` varchar(255) DEFAULT NULL,
  `position` int DEFAULT NULL,
  `state` int DEFAULT NULL,
  `updated` datetime(6) NOT NULL,
  PRIMARY KEY (`id`),
  KEY `main_functions_tasks_created_e5645878` (`created`),
  KEY `main_functions_tasks_img_50fb49d4` (`img`),
  KEY `main_functions_tasks_is_active_59683d1a` (`is_active`),
  KEY `main_functions_tasks_name_778afd08` (`name`),
  KEY `main_functions_tasks_parents_4b60e8c2` (`parents`),
  KEY `main_functions_tasks_position_57fd722a` (`position`),
  KEY `main_functions_tasks_state_223f6135` (`state`),
  KEY `main_functions_tasks_updated_b0382311` (`updated`)
) ENGINE=InnoDB DEFAULT CHARSET=utf8;
/*!40101 SET character_set_client = @saved_cs_client */;

--
-- Dumping data for table `main_functions_tasks`
--

LOCK TABLES `main_functions_tasks` WRITE;
/*!40000 ALTER TABLE `main_functions_tasks` DISABLE KEYS */;
/*!40000 ALTER TABLE `main_functions_tasks` ENABLE KEYS */;
UNLOCK TABLES;
/*!40103 SET TIME_ZONE=@OLD_TIME_ZONE */;

/*!40101 SET SQL_MODE=@OLD_SQL_MODE */;
/*!40014 SET FOREIGN_KEY_CHECKS=@OLD_FOREIGN_KEY_CHECKS */;
/*!40014 SET UNIQUE_CHECKS=@OLD_UNIQUE_CHECKS */;
/*!40101 SET CHARACTER_SET_CLIENT=@OLD_CHARACTER_SET_CLIENT */;
/*!40101 SET CHARACTER_SET_RESULTS=@OLD_CHARACTER_SET_RESULTS */;
/*!40101 SET COLLATION_CONNECTION=@OLD_COLLATION_CONNECTION */;
/*!40111 SET SQL_NOTES=@OLD_SQL_NOTES */;

-- Dump completed on 2021-01-15 17:32:48
