-- MySQL dump 10.13  Distrib 5.7.20, for osx10.11 (x86_64)
--
-- Host: localhost    Database: allstore
-- ------------------------------------------------------
-- Server version	5.7.20-log

/*!40101 SET @OLD_CHARACTER_SET_CLIENT=@@CHARACTER_SET_CLIENT */;
/*!40101 SET @OLD_CHARACTER_SET_RESULTS=@@CHARACTER_SET_RESULTS */;
/*!40101 SET @OLD_COLLATION_CONNECTION=@@COLLATION_CONNECTION */;
/*!40101 SET NAMES utf8 */;
/*!40103 SET @OLD_TIME_ZONE=@@TIME_ZONE */;
/*!40103 SET TIME_ZONE='+00:00' */;
/*!40014 SET @OLD_UNIQUE_CHECKS=@@UNIQUE_CHECKS, UNIQUE_CHECKS=0 */;
/*!40014 SET @OLD_FOREIGN_KEY_CHECKS=@@FOREIGN_KEY_CHECKS, FOREIGN_KEY_CHECKS=0 */;
/*!40101 SET @OLD_SQL_MODE=@@SQL_MODE, SQL_MODE='NO_AUTO_VALUE_ON_ZERO' */;
/*!40111 SET @OLD_SQL_NOTES=@@SQL_NOTES, SQL_NOTES=0 */;

--
-- Table structure for table `auth_group`
--

DROP TABLE IF EXISTS `auth_group`;
/*!40101 SET @saved_cs_client     = @@character_set_client */;
/*!40101 SET character_set_client = utf8 */;
CREATE TABLE `auth_group` (
  `id` int(11) NOT NULL AUTO_INCREMENT,
  `name` varchar(150) NOT NULL,
  PRIMARY KEY (`id`),
  UNIQUE KEY `name` (`name`)
) ENGINE=InnoDB DEFAULT CHARSET=utf8;
/*!40101 SET character_set_client = @saved_cs_client */;

--
-- Dumping data for table `auth_group`
--

LOCK TABLES `auth_group` WRITE;
/*!40000 ALTER TABLE `auth_group` DISABLE KEYS */;
/*!40000 ALTER TABLE `auth_group` ENABLE KEYS */;
UNLOCK TABLES;

--
-- Table structure for table `auth_group_permissions`
--

DROP TABLE IF EXISTS `auth_group_permissions`;
/*!40101 SET @saved_cs_client     = @@character_set_client */;
/*!40101 SET character_set_client = utf8 */;
CREATE TABLE `auth_group_permissions` (
  `id` int(11) NOT NULL AUTO_INCREMENT,
  `group_id` int(11) NOT NULL,
  `permission_id` int(11) NOT NULL,
  PRIMARY KEY (`id`),
  UNIQUE KEY `auth_group_permissions_group_id_permission_id_0cd325b0_uniq` (`group_id`,`permission_id`),
  KEY `auth_group_permissio_permission_id_84c5c92e_fk_auth_perm` (`permission_id`),
  CONSTRAINT `auth_group_permissio_permission_id_84c5c92e_fk_auth_perm` FOREIGN KEY (`permission_id`) REFERENCES `auth_permission` (`id`),
  CONSTRAINT `auth_group_permissions_group_id_b120cbf9_fk_auth_group_id` FOREIGN KEY (`group_id`) REFERENCES `auth_group` (`id`)
) ENGINE=InnoDB DEFAULT CHARSET=utf8;
/*!40101 SET character_set_client = @saved_cs_client */;

--
-- Dumping data for table `auth_group_permissions`
--

LOCK TABLES `auth_group_permissions` WRITE;
/*!40000 ALTER TABLE `auth_group_permissions` DISABLE KEYS */;
/*!40000 ALTER TABLE `auth_group_permissions` ENABLE KEYS */;
UNLOCK TABLES;

--
-- Table structure for table `auth_permission`
--

DROP TABLE IF EXISTS `auth_permission`;
/*!40101 SET @saved_cs_client     = @@character_set_client */;
/*!40101 SET character_set_client = utf8 */;
CREATE TABLE `auth_permission` (
  `id` int(11) NOT NULL AUTO_INCREMENT,
  `name` varchar(255) NOT NULL,
  `content_type_id` int(11) NOT NULL,
  `codename` varchar(100) NOT NULL,
  PRIMARY KEY (`id`),
  UNIQUE KEY `auth_permission_content_type_id_codename_01ab375a_uniq` (`content_type_id`,`codename`),
  CONSTRAINT `auth_permission_content_type_id_2f476e4b_fk_django_co` FOREIGN KEY (`content_type_id`) REFERENCES `django_content_type` (`id`)
) ENGINE=InnoDB AUTO_INCREMENT=73 DEFAULT CHARSET=utf8;
/*!40101 SET character_set_client = @saved_cs_client */;

--
-- Dumping data for table `auth_permission`
--

LOCK TABLES `auth_permission` WRITE;
/*!40000 ALTER TABLE `auth_permission` DISABLE KEYS */;
INSERT INTO `auth_permission` VALUES (1,'Can add permission',1,'add_permission'),(2,'Can change permission',1,'change_permission'),(3,'Can delete permission',1,'delete_permission'),(4,'Can view permission',1,'view_permission'),(5,'Can add group',2,'add_group'),(6,'Can change group',2,'change_group'),(7,'Can delete group',2,'delete_group'),(8,'Can view group',2,'view_group'),(9,'Can add user',3,'add_user'),(10,'Can change user',3,'change_user'),(11,'Can delete user',3,'delete_user'),(12,'Can view user',3,'view_user'),(13,'Can add content type',4,'add_contenttype'),(14,'Can change content type',4,'change_contenttype'),(15,'Can delete content type',4,'delete_contenttype'),(16,'Can view content type',4,'view_contenttype'),(17,'Can add session',5,'add_session'),(18,'Can change session',5,'change_session'),(19,'Can delete session',5,'delete_session'),(20,'Can view session',5,'view_session'),(21,'Can add Админка - Настрока',6,'add_config'),(22,'Can change Админка - Настрока',6,'change_config'),(23,'Can delete Админка - Настрока',6,'delete_config'),(24,'Can view Админка - Настрока',6,'view_config'),(25,'Can add Админка - Задача',7,'add_tasks'),(26,'Can change Админка - Задача',7,'change_tasks'),(27,'Can delete Админка - Задача',7,'delete_tasks'),(28,'Can view Админка - Задача',7,'view_tasks'),(29,'Can add custom user',8,'add_customuser'),(30,'Can change custom user',8,'change_customuser'),(31,'Can delete custom user',8,'delete_customuser'),(32,'Can view custom user',8,'view_customuser'),(33,'Can add Стат.контет - Файлы',9,'add_files'),(34,'Can change Стат.контет - Файлы',9,'change_files'),(35,'Can delete Стат.контет - Файлы',9,'delete_files'),(36,'Can view Стат.контет - Файлы',9,'view_files'),(37,'Can add Стат.контент - Блоки',10,'add_blocks'),(38,'Can change Стат.контент - Блоки',10,'change_blocks'),(39,'Can delete Стат.контент - Блоки',10,'delete_blocks'),(40,'Can view Стат.контент - Блоки',10,'view_blocks'),(41,'Can add Стат.контент - Контейнеры',11,'add_containers'),(42,'Can change Стат.контент - Контейнеры',11,'change_containers'),(43,'Can delete Стат.контент - Контейнеры',11,'delete_containers'),(44,'Can view Стат.контент - Контейнеры',11,'view_containers'),(45,'Can add Стат.контент - Линковка меню к контейнерам',12,'add_linkcontainer'),(46,'Can change Стат.контент - Линковка меню к контейнерам',12,'change_linkcontainer'),(47,'Can delete Стат.контент - Линковка меню к контейнерам',12,'delete_linkcontainer'),(48,'Can view Стат.контент - Линковка меню к контейнерам',12,'view_linkcontainer'),(49,'Can add Товары - товар/услуга',13,'add_products'),(50,'Can change Товары - товар/услуга',13,'change_products'),(51,'Can delete Товары - товар/услуга',13,'delete_products'),(52,'Can view Товары - товар/услуга',13,'view_products'),(53,'Can add products cats',14,'add_productscats'),(54,'Can change products cats',14,'change_productscats'),(55,'Can delete products cats',14,'delete_productscats'),(56,'Can view products cats',14,'view_productscats'),(57,'Can add products photos',15,'add_productsphotos'),(58,'Can change products photos',15,'change_productsphotos'),(59,'Can delete products photos',15,'delete_productsphotos'),(60,'Can view products photos',15,'view_productsphotos'),(61,'Can add property',16,'add_property'),(62,'Can change property',16,'change_property'),(63,'Can delete property',16,'delete_property'),(64,'Can view property',16,'view_property'),(65,'Can add properties values',17,'add_propertiesvalues'),(66,'Can change properties values',17,'change_propertiesvalues'),(67,'Can delete properties values',17,'delete_propertiesvalues'),(68,'Can view properties values',17,'view_propertiesvalues'),(69,'Can add products properties',18,'add_productsproperties'),(70,'Can change products properties',18,'change_productsproperties'),(71,'Can delete products properties',18,'delete_productsproperties'),(72,'Can view products properties',18,'view_productsproperties');
/*!40000 ALTER TABLE `auth_permission` ENABLE KEYS */;
UNLOCK TABLES;

--
-- Table structure for table `auth_user`
--

DROP TABLE IF EXISTS `auth_user`;
/*!40101 SET @saved_cs_client     = @@character_set_client */;
/*!40101 SET character_set_client = utf8 */;
CREATE TABLE `auth_user` (
  `id` int(11) NOT NULL AUTO_INCREMENT,
  `password` varchar(128) NOT NULL,
  `last_login` datetime(6) DEFAULT NULL,
  `is_superuser` tinyint(1) NOT NULL,
  `username` varchar(150) NOT NULL,
  `first_name` varchar(30) NOT NULL,
  `last_name` varchar(150) NOT NULL,
  `email` varchar(254) NOT NULL,
  `is_staff` tinyint(1) NOT NULL,
  `is_active` tinyint(1) NOT NULL,
  `date_joined` datetime(6) NOT NULL,
  PRIMARY KEY (`id`),
  UNIQUE KEY `username` (`username`)
) ENGINE=InnoDB AUTO_INCREMENT=2 DEFAULT CHARSET=utf8;
/*!40101 SET character_set_client = @saved_cs_client */;

--
-- Dumping data for table `auth_user`
--

LOCK TABLES `auth_user` WRITE;
/*!40000 ALTER TABLE `auth_user` DISABLE KEYS */;
INSERT INTO `auth_user` VALUES (1,'pbkdf2_sha256$150000$JF2BzhsxIn48$+WhVDGZtLBCbP06Mbz4WtNu9D2MDTAM1fCOdKytNbjo=','2020-05-04 16:52:08.152840',1,'jocker','','','dkramorov@mail.ru',1,1,'2020-05-04 16:51:55.788140');
/*!40000 ALTER TABLE `auth_user` ENABLE KEYS */;
UNLOCK TABLES;

--
-- Table structure for table `auth_user_groups`
--

DROP TABLE IF EXISTS `auth_user_groups`;
/*!40101 SET @saved_cs_client     = @@character_set_client */;
/*!40101 SET character_set_client = utf8 */;
CREATE TABLE `auth_user_groups` (
  `id` int(11) NOT NULL AUTO_INCREMENT,
  `user_id` int(11) NOT NULL,
  `group_id` int(11) NOT NULL,
  PRIMARY KEY (`id`),
  UNIQUE KEY `auth_user_groups_user_id_group_id_94350c0c_uniq` (`user_id`,`group_id`),
  KEY `auth_user_groups_group_id_97559544_fk_auth_group_id` (`group_id`),
  CONSTRAINT `auth_user_groups_group_id_97559544_fk_auth_group_id` FOREIGN KEY (`group_id`) REFERENCES `auth_group` (`id`),
  CONSTRAINT `auth_user_groups_user_id_6a12ed8b_fk_auth_user_id` FOREIGN KEY (`user_id`) REFERENCES `auth_user` (`id`)
) ENGINE=InnoDB DEFAULT CHARSET=utf8;
/*!40101 SET character_set_client = @saved_cs_client */;

--
-- Dumping data for table `auth_user_groups`
--

LOCK TABLES `auth_user_groups` WRITE;
/*!40000 ALTER TABLE `auth_user_groups` DISABLE KEYS */;
/*!40000 ALTER TABLE `auth_user_groups` ENABLE KEYS */;
UNLOCK TABLES;

--
-- Table structure for table `auth_user_user_permissions`
--

DROP TABLE IF EXISTS `auth_user_user_permissions`;
/*!40101 SET @saved_cs_client     = @@character_set_client */;
/*!40101 SET character_set_client = utf8 */;
CREATE TABLE `auth_user_user_permissions` (
  `id` int(11) NOT NULL AUTO_INCREMENT,
  `user_id` int(11) NOT NULL,
  `permission_id` int(11) NOT NULL,
  PRIMARY KEY (`id`),
  UNIQUE KEY `auth_user_user_permissions_user_id_permission_id_14a6b632_uniq` (`user_id`,`permission_id`),
  KEY `auth_user_user_permi_permission_id_1fbb5f2c_fk_auth_perm` (`permission_id`),
  CONSTRAINT `auth_user_user_permi_permission_id_1fbb5f2c_fk_auth_perm` FOREIGN KEY (`permission_id`) REFERENCES `auth_permission` (`id`),
  CONSTRAINT `auth_user_user_permissions_user_id_a95ead1b_fk_auth_user_id` FOREIGN KEY (`user_id`) REFERENCES `auth_user` (`id`)
) ENGINE=InnoDB DEFAULT CHARSET=utf8;
/*!40101 SET character_set_client = @saved_cs_client */;

--
-- Dumping data for table `auth_user_user_permissions`
--

LOCK TABLES `auth_user_user_permissions` WRITE;
/*!40000 ALTER TABLE `auth_user_user_permissions` DISABLE KEYS */;
/*!40000 ALTER TABLE `auth_user_user_permissions` ENABLE KEYS */;
UNLOCK TABLES;

--
-- Table structure for table `django_content_type`
--

DROP TABLE IF EXISTS `django_content_type`;
/*!40101 SET @saved_cs_client     = @@character_set_client */;
/*!40101 SET character_set_client = utf8 */;
CREATE TABLE `django_content_type` (
  `id` int(11) NOT NULL AUTO_INCREMENT,
  `app_label` varchar(100) NOT NULL,
  `model` varchar(100) NOT NULL,
  PRIMARY KEY (`id`),
  UNIQUE KEY `django_content_type_app_label_model_76bd3d3b_uniq` (`app_label`,`model`)
) ENGINE=InnoDB AUTO_INCREMENT=19 DEFAULT CHARSET=utf8;
/*!40101 SET character_set_client = @saved_cs_client */;

--
-- Dumping data for table `django_content_type`
--

LOCK TABLES `django_content_type` WRITE;
/*!40000 ALTER TABLE `django_content_type` DISABLE KEYS */;
INSERT INTO `django_content_type` VALUES (2,'auth','group'),(1,'auth','permission'),(3,'auth','user'),(4,'contenttypes','contenttype'),(9,'files','files'),(10,'flatcontent','blocks'),(11,'flatcontent','containers'),(12,'flatcontent','linkcontainer'),(8,'login','customuser'),(6,'main_functions','config'),(7,'main_functions','tasks'),(13,'products','products'),(14,'products','productscats'),(15,'products','productsphotos'),(18,'products','productsproperties'),(17,'products','propertiesvalues'),(16,'products','property'),(5,'sessions','session');
/*!40000 ALTER TABLE `django_content_type` ENABLE KEYS */;
UNLOCK TABLES;

--
-- Table structure for table `django_migrations`
--

DROP TABLE IF EXISTS `django_migrations`;
/*!40101 SET @saved_cs_client     = @@character_set_client */;
/*!40101 SET character_set_client = utf8 */;
CREATE TABLE `django_migrations` (
  `id` int(11) NOT NULL AUTO_INCREMENT,
  `app` varchar(255) NOT NULL,
  `name` varchar(255) NOT NULL,
  `applied` datetime(6) NOT NULL,
  PRIMARY KEY (`id`)
) ENGINE=InnoDB AUTO_INCREMENT=38 DEFAULT CHARSET=utf8;
/*!40101 SET character_set_client = @saved_cs_client */;

--
-- Dumping data for table `django_migrations`
--

LOCK TABLES `django_migrations` WRITE;
/*!40000 ALTER TABLE `django_migrations` DISABLE KEYS */;
INSERT INTO `django_migrations` VALUES (1,'contenttypes','0001_initial','2020-05-04 16:51:53.294521'),(2,'contenttypes','0002_remove_content_type_name','2020-05-04 16:51:53.319164'),(3,'auth','0001_initial','2020-05-04 16:51:54.189194'),(4,'auth','0002_alter_permission_name_max_length','2020-05-04 16:51:54.300700'),(5,'auth','0003_alter_user_email_max_length','2020-05-04 16:51:54.316368'),(6,'auth','0004_alter_user_username_opts','2020-05-04 16:51:54.325088'),(7,'auth','0005_alter_user_last_login_null','2020-05-04 16:51:54.339940'),(8,'auth','0006_require_contenttypes_0002','2020-05-04 16:51:54.341462'),(9,'auth','0007_alter_validators_add_error_messages','2020-05-04 16:51:54.351329'),(10,'auth','0008_alter_user_username_max_length','2020-05-04 16:51:54.370561'),(11,'auth','0009_alter_user_last_name_max_length','2020-05-04 16:51:54.384232'),(12,'auth','0010_alter_group_name_max_length','2020-05-04 16:51:54.398888'),(13,'auth','0011_update_proxy_permissions','2020-05-04 16:51:54.406709'),(14,'files','0001_initial','2020-05-04 16:51:54.560178'),(15,'files','0002_auto_20191203_2054','2020-05-04 16:51:54.681807'),(16,'files','0003_auto_20200112_1717','2020-05-04 16:51:54.689811'),(17,'files','0004_auto_20200402_2127','2020-05-04 16:51:54.704226'),(18,'flatcontent','0001_initial','2020-05-04 16:51:55.271968'),(19,'flatcontent','0002_auto_20190825_1730','2020-05-04 16:51:55.569802'),(20,'flatcontent','0003_auto_20191203_2054','2020-05-04 16:51:55.604736'),(21,'flatcontent','0004_blocks_html','2020-05-04 16:51:55.627570'),(22,'flatcontent','0005_auto_20200112_1717','2020-05-04 16:51:55.657489'),(23,'flatcontent','0006_auto_20200314_1638','2020-05-04 16:51:55.662848'),(24,'flatcontent','0007_auto_20200402_2127','2020-05-04 16:51:55.730125'),(25,'login','0001_customuser','2020-05-04 16:51:56.046381'),(26,'main_functions','0001_initial','2020-05-04 16:51:56.397682'),(27,'main_functions','0002_auto_20191203_2052','2020-05-04 16:51:56.419374'),(28,'main_functions','0003_auto_20200407_1845','2020-05-04 16:51:56.729029'),(29,'products','0001_initial','2020-05-04 16:51:56.894149'),(30,'products','0002_productsphotos','2020-05-04 16:51:57.036229'),(31,'products','0003_auto_20200315_2217','2020-05-04 16:51:57.113947'),(32,'products','0004_auto_20200316_2329','2020-05-04 16:51:57.161130'),(33,'products','0005_auto_20200402_2127','2020-05-04 16:51:57.289323'),(34,'products','0006_auto_20200402_2351','2020-05-04 16:51:57.423841'),(35,'products','0007_property_ptype','2020-05-04 16:51:57.445701'),(36,'products','0008_property_code','2020-05-04 16:51:57.467171'),(37,'sessions','0001_initial','2020-05-04 16:51:57.634595');
/*!40000 ALTER TABLE `django_migrations` ENABLE KEYS */;
UNLOCK TABLES;

--
-- Table structure for table `django_session`
--

DROP TABLE IF EXISTS `django_session`;
/*!40101 SET @saved_cs_client     = @@character_set_client */;
/*!40101 SET character_set_client = utf8 */;
CREATE TABLE `django_session` (
  `session_key` varchar(40) NOT NULL,
  `session_data` longtext NOT NULL,
  `expire_date` datetime(6) NOT NULL,
  PRIMARY KEY (`session_key`),
  KEY `django_session_expire_date_a5c62663` (`expire_date`)
) ENGINE=InnoDB DEFAULT CHARSET=utf8;
/*!40101 SET character_set_client = @saved_cs_client */;

--
-- Dumping data for table `django_session`
--

LOCK TABLES `django_session` WRITE;
/*!40000 ALTER TABLE `django_session` DISABLE KEYS */;
INSERT INTO `django_session` VALUES ('lgzx4az278lxo6ubkiaj6zpa39s0wiu4','Mzk5MWFjYmVmMWQ5NmVhNDkyNzIyMTQ4Y2Y0NjU2ZTQ0Y2NlYjAzZjp7Il9hdXRoX3VzZXJfaWQiOiIxIiwiX2F1dGhfdXNlcl9iYWNrZW5kIjoiYXBwcy5sb2dpbi5iYWNrZW5kLk15QmFja2VuZCIsIl9hdXRoX3VzZXJfaGFzaCI6IjA0ZjRhZTgyMzVmYTA0N2MyY2E1OTMwZmJkMjVlYWQ0MGU0ZjliMjMifQ==','2020-05-18 16:52:08.156935');
/*!40000 ALTER TABLE `django_session` ENABLE KEYS */;
UNLOCK TABLES;

--
-- Table structure for table `files_files`
--

DROP TABLE IF EXISTS `files_files`;
/*!40101 SET @saved_cs_client     = @@character_set_client */;
/*!40101 SET character_set_client = utf8 */;
CREATE TABLE `files_files` (
  `id` int(11) NOT NULL AUTO_INCREMENT,
  `img` varchar(255) DEFAULT NULL,
  `created` datetime(6) NOT NULL,
  `updated` datetime(6) NOT NULL,
  `position` int(11) DEFAULT NULL,
  `is_active` tinyint(1) NOT NULL,
  `state` int(11) DEFAULT NULL,
  `parents` varchar(255) DEFAULT NULL,
  `name` varchar(255) DEFAULT NULL,
  `link` varchar(255) DEFAULT NULL,
  `desc` longtext,
  `mime` varchar(255) DEFAULT NULL,
  `path` varchar(255) DEFAULT NULL,
  PRIMARY KEY (`id`),
  KEY `files_files_created_18bb5ba5` (`created`),
  KEY `files_files_updated_98d0072e` (`updated`),
  KEY `files_files_position_9aa9a563` (`position`),
  KEY `files_files_is_active_368d94f0` (`is_active`),
  KEY `files_files_state_80db30e9` (`state`),
  KEY `files_files_parents_61383b35` (`parents`),
  KEY `files_files_name_2ed1b48d` (`name`),
  KEY `files_files_link_1e36fbb3` (`link`),
  KEY `files_files_mime_4444de1c` (`mime`),
  KEY `files_files_path_1ee40119` (`path`),
  KEY `files_files_img_fbfb9b0a` (`img`)
) ENGINE=InnoDB DEFAULT CHARSET=utf8;
/*!40101 SET character_set_client = @saved_cs_client */;

--
-- Dumping data for table `files_files`
--

LOCK TABLES `files_files` WRITE;
/*!40000 ALTER TABLE `files_files` DISABLE KEYS */;
/*!40000 ALTER TABLE `files_files` ENABLE KEYS */;
UNLOCK TABLES;

--
-- Table structure for table `flatcontent_blocks`
--

DROP TABLE IF EXISTS `flatcontent_blocks`;
/*!40101 SET @saved_cs_client     = @@character_set_client */;
/*!40101 SET character_set_client = utf8 */;
CREATE TABLE `flatcontent_blocks` (
  `id` int(11) NOT NULL AUTO_INCREMENT,
  `img` varchar(255) DEFAULT NULL,
  `created` datetime(6) NOT NULL,
  `updated` datetime(6) NOT NULL,
  `position` int(11) DEFAULT NULL,
  `is_active` tinyint(1) NOT NULL,
  `state` int(11) DEFAULT NULL,
  `parents` varchar(255) DEFAULT NULL,
  `name` varchar(255) DEFAULT NULL,
  `description` varchar(255) DEFAULT NULL,
  `link` varchar(255) DEFAULT NULL,
  `tag` varchar(255) DEFAULT NULL,
  `container_id` int(11) DEFAULT NULL,
  `blank` tinyint(1) NOT NULL,
  `icon` varchar(255) DEFAULT NULL,
  `keywords` varchar(255) DEFAULT NULL,
  `title` varchar(255) DEFAULT NULL,
  `html` longtext,
  PRIMARY KEY (`id`),
  KEY `flatcontent_blocks_created_ac8f728c` (`created`),
  KEY `flatcontent_blocks_updated_3b94570e` (`updated`),
  KEY `flatcontent_blocks_position_9d66f892` (`position`),
  KEY `flatcontent_blocks_is_active_013025f3` (`is_active`),
  KEY `flatcontent_blocks_state_370815a5` (`state`),
  KEY `flatcontent_blocks_parents_447361a3` (`parents`),
  KEY `flatcontent_blocks_name_f035fc87` (`name`),
  KEY `flatcontent_blocks_link_c5940f59` (`link`),
  KEY `flatcontent_blocks_tag_2d7989b3` (`tag`),
  KEY `flatcontent_blocks_container_id_5864baa1_fk_flatconte` (`container_id`),
  KEY `flatcontent_blocks_description_52726bac` (`description`),
  KEY `flatcontent_blocks_blank_b607b7e8` (`blank`),
  KEY `flatcontent_blocks_icon_22fe22b4` (`icon`),
  KEY `flatcontent_blocks_keywords_0363c2ad` (`keywords`),
  KEY `flatcontent_blocks_title_5b09011e` (`title`),
  KEY `flatcontent_blocks_img_876dc659` (`img`),
  CONSTRAINT `flatcontent_blocks_container_id_5864baa1_fk_flatconte` FOREIGN KEY (`container_id`) REFERENCES `flatcontent_containers` (`id`)
) ENGINE=InnoDB DEFAULT CHARSET=utf8;
/*!40101 SET character_set_client = @saved_cs_client */;

--
-- Dumping data for table `flatcontent_blocks`
--

LOCK TABLES `flatcontent_blocks` WRITE;
/*!40000 ALTER TABLE `flatcontent_blocks` DISABLE KEYS */;
/*!40000 ALTER TABLE `flatcontent_blocks` ENABLE KEYS */;
UNLOCK TABLES;

--
-- Table structure for table `flatcontent_containers`
--

DROP TABLE IF EXISTS `flatcontent_containers`;
/*!40101 SET @saved_cs_client     = @@character_set_client */;
/*!40101 SET character_set_client = utf8 */;
CREATE TABLE `flatcontent_containers` (
  `id` int(11) NOT NULL AUTO_INCREMENT,
  `img` varchar(255) DEFAULT NULL,
  `created` datetime(6) NOT NULL,
  `updated` datetime(6) NOT NULL,
  `position` int(11) DEFAULT NULL,
  `is_active` tinyint(1) NOT NULL,
  `state` int(11) DEFAULT NULL,
  `parents` varchar(255) DEFAULT NULL,
  `name` varchar(255) DEFAULT NULL,
  `description` longtext,
  `tag` varchar(255) DEFAULT NULL,
  `template_position` varchar(255) DEFAULT NULL,
  PRIMARY KEY (`id`),
  KEY `flatcontent_containers_created_af28c039` (`created`),
  KEY `flatcontent_containers_updated_134be2c3` (`updated`),
  KEY `flatcontent_containers_position_a4f08a12` (`position`),
  KEY `flatcontent_containers_is_active_d4dd19c8` (`is_active`),
  KEY `flatcontent_containers_state_58277f20` (`state`),
  KEY `flatcontent_containers_parents_9809c178` (`parents`),
  KEY `flatcontent_containers_name_555024ab` (`name`),
  KEY `flatcontent_containers_tag_5f2487d0` (`tag`),
  KEY `flatcontent_containers_template_position_2e66b690` (`template_position`),
  KEY `flatcontent_containers_img_59d06f2c` (`img`)
) ENGINE=InnoDB DEFAULT CHARSET=utf8;
/*!40101 SET character_set_client = @saved_cs_client */;

--
-- Dumping data for table `flatcontent_containers`
--

LOCK TABLES `flatcontent_containers` WRITE;
/*!40000 ALTER TABLE `flatcontent_containers` DISABLE KEYS */;
/*!40000 ALTER TABLE `flatcontent_containers` ENABLE KEYS */;
UNLOCK TABLES;

--
-- Table structure for table `flatcontent_linkcontainer`
--

DROP TABLE IF EXISTS `flatcontent_linkcontainer`;
/*!40101 SET @saved_cs_client     = @@character_set_client */;
/*!40101 SET character_set_client = utf8 */;
CREATE TABLE `flatcontent_linkcontainer` (
  `id` int(11) NOT NULL AUTO_INCREMENT,
  `img` varchar(255) DEFAULT NULL,
  `created` datetime(6) NOT NULL,
  `updated` datetime(6) NOT NULL,
  `position` int(11) DEFAULT NULL,
  `is_active` tinyint(1) NOT NULL,
  `state` int(11) DEFAULT NULL,
  `parents` varchar(255) DEFAULT NULL,
  `block_id` int(11) NOT NULL,
  `container_id` int(11) NOT NULL,
  PRIMARY KEY (`id`),
  KEY `flatcontent_linkcont_block_id_95a742ab_fk_flatconte` (`block_id`),
  KEY `flatcontent_linkcont_container_id_9d707d07_fk_flatconte` (`container_id`),
  KEY `flatcontent_linkcontainer_created_817be879` (`created`),
  KEY `flatcontent_linkcontainer_updated_f577aa94` (`updated`),
  KEY `flatcontent_linkcontainer_position_fabe1bde` (`position`),
  KEY `flatcontent_linkcontainer_is_active_d61b1bb9` (`is_active`),
  KEY `flatcontent_linkcontainer_state_cb4a990a` (`state`),
  KEY `flatcontent_linkcontainer_parents_36b28f6e` (`parents`),
  KEY `flatcontent_linkcontainer_img_2d8c4e0a` (`img`),
  CONSTRAINT `flatcontent_linkcont_block_id_95a742ab_fk_flatconte` FOREIGN KEY (`block_id`) REFERENCES `flatcontent_blocks` (`id`),
  CONSTRAINT `flatcontent_linkcont_container_id_9d707d07_fk_flatconte` FOREIGN KEY (`container_id`) REFERENCES `flatcontent_containers` (`id`)
) ENGINE=InnoDB DEFAULT CHARSET=utf8;
/*!40101 SET character_set_client = @saved_cs_client */;

--
-- Dumping data for table `flatcontent_linkcontainer`
--

LOCK TABLES `flatcontent_linkcontainer` WRITE;
/*!40000 ALTER TABLE `flatcontent_linkcontainer` DISABLE KEYS */;
/*!40000 ALTER TABLE `flatcontent_linkcontainer` ENABLE KEYS */;
UNLOCK TABLES;

--
-- Table structure for table `login_customuser`
--

DROP TABLE IF EXISTS `login_customuser`;
/*!40101 SET @saved_cs_client     = @@character_set_client */;
/*!40101 SET character_set_client = utf8 */;
CREATE TABLE `login_customuser` (
  `id` int(11) NOT NULL AUTO_INCREMENT,
  `img` varchar(255) DEFAULT NULL,
  `created` datetime(6) NOT NULL,
  `updated` datetime(6) NOT NULL,
  `position` int(11) DEFAULT NULL,
  `is_active` tinyint(1) DEFAULT NULL,
  `state` int(11) DEFAULT NULL,
  `parents` varchar(255) DEFAULT NULL,
  `phone` varchar(255) DEFAULT NULL,
  `user_id` int(11) NOT NULL,
  PRIMARY KEY (`id`),
  UNIQUE KEY `user_id` (`user_id`),
  KEY `login_customuser_created_4a29e213` (`created`),
  KEY `login_customuser_updated_dc9f9081` (`updated`),
  KEY `login_customuser_position_33445dcc` (`position`),
  KEY `login_customuser_is_active_cccf2704` (`is_active`),
  KEY `login_customuser_state_f0a75add` (`state`),
  KEY `login_customuser_parents_3604d87b` (`parents`),
  CONSTRAINT `login_customuser_user_id_70d7d409_fk_auth_user_id` FOREIGN KEY (`user_id`) REFERENCES `auth_user` (`id`)
) ENGINE=InnoDB AUTO_INCREMENT=2 DEFAULT CHARSET=utf8;
/*!40101 SET character_set_client = @saved_cs_client */;

--
-- Dumping data for table `login_customuser`
--

LOCK TABLES `login_customuser` WRITE;
/*!40000 ALTER TABLE `login_customuser` DISABLE KEYS */;
INSERT INTO `login_customuser` VALUES (1,NULL,'2020-05-04 16:51:56.000925','2020-05-04 16:52:08.155410',1,1,NULL,NULL,NULL,1);
/*!40000 ALTER TABLE `login_customuser` ENABLE KEYS */;
UNLOCK TABLES;

--
-- Table structure for table `main_functions_config`
--

DROP TABLE IF EXISTS `main_functions_config`;
/*!40101 SET @saved_cs_client     = @@character_set_client */;
/*!40101 SET character_set_client = utf8 */;
CREATE TABLE `main_functions_config` (
  `id` int(11) NOT NULL AUTO_INCREMENT,
  `name` varchar(255) DEFAULT NULL,
  `attr` varchar(255) DEFAULT NULL,
  `value` varchar(255) DEFAULT NULL,
  `created` datetime(6) NOT NULL,
  `img` varchar(255) DEFAULT NULL,
  `is_active` tinyint(1) NOT NULL,
  `parents` varchar(255) DEFAULT NULL,
  `position` int(11) DEFAULT NULL,
  `state` int(11) DEFAULT NULL,
  `updated` datetime(6) NOT NULL,
  PRIMARY KEY (`id`),
  KEY `main_functions_config_name_923c9fba` (`name`),
  KEY `main_functions_config_attr_99aeb037` (`attr`),
  KEY `main_functions_config_value_463dd357` (`value`),
  KEY `main_functions_config_created_e08da0ad` (`created`),
  KEY `main_functions_config_img_1e25f97d` (`img`),
  KEY `main_functions_config_is_active_74557b50` (`is_active`),
  KEY `main_functions_config_parents_e7f90ba8` (`parents`),
  KEY `main_functions_config_position_cd5d988c` (`position`),
  KEY `main_functions_config_state_bce5179d` (`state`),
  KEY `main_functions_config_updated_b30da946` (`updated`)
) ENGINE=InnoDB DEFAULT CHARSET=utf8;
/*!40101 SET character_set_client = @saved_cs_client */;

--
-- Dumping data for table `main_functions_config`
--

LOCK TABLES `main_functions_config` WRITE;
/*!40000 ALTER TABLE `main_functions_config` DISABLE KEYS */;
/*!40000 ALTER TABLE `main_functions_config` ENABLE KEYS */;
UNLOCK TABLES;

--
-- Table structure for table `main_functions_tasks`
--

DROP TABLE IF EXISTS `main_functions_tasks`;
/*!40101 SET @saved_cs_client     = @@character_set_client */;
/*!40101 SET character_set_client = utf8 */;
CREATE TABLE `main_functions_tasks` (
  `id` int(11) NOT NULL AUTO_INCREMENT,
  `command` longtext NOT NULL,
  `created` datetime(6) NOT NULL,
  `img` varchar(255) DEFAULT NULL,
  `is_active` tinyint(1) NOT NULL,
  `name` varchar(255) DEFAULT NULL,
  `parents` varchar(255) DEFAULT NULL,
  `position` int(11) DEFAULT NULL,
  `state` int(11) DEFAULT NULL,
  `updated` datetime(6) NOT NULL,
  PRIMARY KEY (`id`),
  KEY `main_functions_tasks_created_e5645878` (`created`),
  KEY `main_functions_tasks_img_50fb49d4` (`img`),
  KEY `main_functions_tasks_is_active_59683d1a` (`is_active`),
  KEY `main_functions_tasks_name_778afd08` (`name`),
  KEY `main_functions_tasks_parents_4b60e8c2` (`parents`),
  KEY `main_functions_tasks_position_57fd722a` (`position`),
  KEY `main_functions_tasks_state_223f6135` (`state`),
  KEY `main_functions_tasks_updated_b0382311` (`updated`)
) ENGINE=InnoDB DEFAULT CHARSET=utf8;
/*!40101 SET character_set_client = @saved_cs_client */;

--
-- Dumping data for table `main_functions_tasks`
--

LOCK TABLES `main_functions_tasks` WRITE;
/*!40000 ALTER TABLE `main_functions_tasks` DISABLE KEYS */;
/*!40000 ALTER TABLE `main_functions_tasks` ENABLE KEYS */;
UNLOCK TABLES;

--
-- Table structure for table `products_products`
--

DROP TABLE IF EXISTS `products_products`;
/*!40101 SET @saved_cs_client     = @@character_set_client */;
/*!40101 SET character_set_client = utf8 */;
CREATE TABLE `products_products` (
  `id` int(11) NOT NULL AUTO_INCREMENT,
  `img` varchar(255) DEFAULT NULL,
  `created` datetime(6) NOT NULL,
  `updated` datetime(6) NOT NULL,
  `position` int(11) DEFAULT NULL,
  `is_active` tinyint(1) NOT NULL,
  `state` int(11) DEFAULT NULL,
  `parents` varchar(255) DEFAULT NULL,
  `name` varchar(255) DEFAULT NULL,
  `altname` varchar(255) DEFAULT NULL,
  `manufacturer` varchar(255) DEFAULT NULL,
  `measure` varchar(255) DEFAULT NULL,
  `currency` int(11) DEFAULT NULL,
  `old_price` decimal(13,2) DEFAULT NULL,
  `price` decimal(13,2) DEFAULT NULL,
  `dj_info` varchar(255) DEFAULT NULL,
  `mini_info` longtext,
  `info` longtext,
  `code` varchar(255) DEFAULT NULL,
  `count` int(11) DEFAULT NULL,
  PRIMARY KEY (`id`),
  KEY `products_products_img_f679aa79` (`img`),
  KEY `products_products_created_4ed1d7db` (`created`),
  KEY `products_products_updated_c1270b99` (`updated`),
  KEY `products_products_position_78f586f8` (`position`),
  KEY `products_products_is_active_7cc0d5d1` (`is_active`),
  KEY `products_products_state_dfece9ba` (`state`),
  KEY `products_products_parents_5a6d11d6` (`parents`),
  KEY `products_products_name_5a04f704` (`name`),
  KEY `products_products_altname_23fdd5ad` (`altname`),
  KEY `products_products_manufacturer_af812d05` (`manufacturer`),
  KEY `products_products_measure_187e0e95` (`measure`),
  KEY `products_products_currency_6608b7c0` (`currency`),
  KEY `products_products_old_price_648a4886` (`old_price`),
  KEY `products_products_price_20f0b593` (`price`),
  KEY `products_products_dj_info_6058aa31` (`dj_info`),
  KEY `products_products_code_d2de949b` (`code`),
  KEY `products_products_count_8ac0f722` (`count`)
) ENGINE=InnoDB DEFAULT CHARSET=utf8;
/*!40101 SET character_set_client = @saved_cs_client */;

--
-- Dumping data for table `products_products`
--

LOCK TABLES `products_products` WRITE;
/*!40000 ALTER TABLE `products_products` DISABLE KEYS */;
/*!40000 ALTER TABLE `products_products` ENABLE KEYS */;
UNLOCK TABLES;

--
-- Table structure for table `products_productscats`
--

DROP TABLE IF EXISTS `products_productscats`;
/*!40101 SET @saved_cs_client     = @@character_set_client */;
/*!40101 SET character_set_client = utf8 */;
CREATE TABLE `products_productscats` (
  `id` int(11) NOT NULL AUTO_INCREMENT,
  `cat_id` int(11) DEFAULT NULL,
  `product_id` int(11) NOT NULL,
  `container_id` int(11) DEFAULT NULL,
  PRIMARY KEY (`id`),
  KEY `products_productscat_product_id_6cc6463e_fk_products_` (`product_id`),
  KEY `products_productscats_cat_id_71130549_fk_flatcontent_blocks_id` (`cat_id`),
  KEY `products_productscat_container_id_2151481b_fk_flatconte` (`container_id`),
  CONSTRAINT `products_productscat_container_id_2151481b_fk_flatconte` FOREIGN KEY (`container_id`) REFERENCES `flatcontent_containers` (`id`),
  CONSTRAINT `products_productscat_product_id_6cc6463e_fk_products_` FOREIGN KEY (`product_id`) REFERENCES `products_products` (`id`),
  CONSTRAINT `products_productscats_cat_id_71130549_fk_flatcontent_blocks_id` FOREIGN KEY (`cat_id`) REFERENCES `flatcontent_blocks` (`id`)
) ENGINE=InnoDB DEFAULT CHARSET=utf8;
/*!40101 SET character_set_client = @saved_cs_client */;

--
-- Dumping data for table `products_productscats`
--

LOCK TABLES `products_productscats` WRITE;
/*!40000 ALTER TABLE `products_productscats` DISABLE KEYS */;
/*!40000 ALTER TABLE `products_productscats` ENABLE KEYS */;
UNLOCK TABLES;

--
-- Table structure for table `products_productsphotos`
--

DROP TABLE IF EXISTS `products_productsphotos`;
/*!40101 SET @saved_cs_client     = @@character_set_client */;
/*!40101 SET character_set_client = utf8 */;
CREATE TABLE `products_productsphotos` (
  `id` int(11) NOT NULL AUTO_INCREMENT,
  `img` varchar(255) DEFAULT NULL,
  `created` datetime(6) NOT NULL,
  `updated` datetime(6) NOT NULL,
  `position` int(11) DEFAULT NULL,
  `is_active` tinyint(1) NOT NULL,
  `state` int(11) DEFAULT NULL,
  `parents` varchar(255) DEFAULT NULL,
  `name` varchar(255) DEFAULT NULL,
  `product_id` int(11) NOT NULL,
  PRIMARY KEY (`id`),
  KEY `products_productspho_product_id_1dd25946_fk_products_` (`product_id`),
  KEY `products_productsphotos_img_bd5ed46f` (`img`),
  KEY `products_productsphotos_created_7e4c8398` (`created`),
  KEY `products_productsphotos_updated_1296c4e1` (`updated`),
  KEY `products_productsphotos_position_3b4fe066` (`position`),
  KEY `products_productsphotos_is_active_65702a06` (`is_active`),
  KEY `products_productsphotos_state_8bd2feb8` (`state`),
  KEY `products_productsphotos_parents_12f539e9` (`parents`),
  KEY `products_productsphotos_name_f19259af` (`name`),
  CONSTRAINT `products_productspho_product_id_1dd25946_fk_products_` FOREIGN KEY (`product_id`) REFERENCES `products_products` (`id`)
) ENGINE=InnoDB DEFAULT CHARSET=utf8;
/*!40101 SET character_set_client = @saved_cs_client */;

--
-- Dumping data for table `products_productsphotos`
--

LOCK TABLES `products_productsphotos` WRITE;
/*!40000 ALTER TABLE `products_productsphotos` DISABLE KEYS */;
/*!40000 ALTER TABLE `products_productsphotos` ENABLE KEYS */;
UNLOCK TABLES;

--
-- Table structure for table `products_productsproperties`
--

DROP TABLE IF EXISTS `products_productsproperties`;
/*!40101 SET @saved_cs_client     = @@character_set_client */;
/*!40101 SET character_set_client = utf8 */;
CREATE TABLE `products_productsproperties` (
  `id` int(11) NOT NULL AUTO_INCREMENT,
  `product_id` int(11) NOT NULL,
  `prop_id` int(11) NOT NULL,
  PRIMARY KEY (`id`),
  KEY `products_productspro_product_id_50131a5d_fk_products_` (`product_id`),
  KEY `products_productspro_prop_id_4d9b9492_fk_products_` (`prop_id`),
  CONSTRAINT `products_productspro_product_id_50131a5d_fk_products_` FOREIGN KEY (`product_id`) REFERENCES `products_products` (`id`),
  CONSTRAINT `products_productspro_prop_id_4d9b9492_fk_products_` FOREIGN KEY (`prop_id`) REFERENCES `products_propertiesvalues` (`id`)
) ENGINE=InnoDB DEFAULT CHARSET=utf8;
/*!40101 SET character_set_client = @saved_cs_client */;

--
-- Dumping data for table `products_productsproperties`
--

LOCK TABLES `products_productsproperties` WRITE;
/*!40000 ALTER TABLE `products_productsproperties` DISABLE KEYS */;
/*!40000 ALTER TABLE `products_productsproperties` ENABLE KEYS */;
UNLOCK TABLES;

--
-- Table structure for table `products_propertiesvalues`
--

DROP TABLE IF EXISTS `products_propertiesvalues`;
/*!40101 SET @saved_cs_client     = @@character_set_client */;
/*!40101 SET character_set_client = utf8 */;
CREATE TABLE `products_propertiesvalues` (
  `id` int(11) NOT NULL AUTO_INCREMENT,
  `img` varchar(255) DEFAULT NULL,
  `created` datetime(6) NOT NULL,
  `updated` datetime(6) NOT NULL,
  `position` int(11) DEFAULT NULL,
  `is_active` tinyint(1) NOT NULL,
  `state` int(11) DEFAULT NULL,
  `parents` varchar(255) DEFAULT NULL,
  `str_value` varchar(255) DEFAULT NULL,
  `prop_id` int(11) NOT NULL,
  `digit_value` decimal(13,4) DEFAULT NULL,
  PRIMARY KEY (`id`),
  KEY `products_propertiesv_prop_id_45598b2c_fk_products_` (`prop_id`),
  KEY `products_propertiesvalues_img_45d2822c` (`img`),
  KEY `products_propertiesvalues_created_9d9eb660` (`created`),
  KEY `products_propertiesvalues_updated_08b8a80f` (`updated`),
  KEY `products_propertiesvalues_position_fe4565de` (`position`),
  KEY `products_propertiesvalues_is_active_74e17f76` (`is_active`),
  KEY `products_propertiesvalues_state_7e4300c9` (`state`),
  KEY `products_propertiesvalues_parents_4c64ff20` (`parents`),
  KEY `products_propertiesvalues_str_value_483ecc58` (`str_value`),
  KEY `products_propertiesvalues_digit_value_98cb8771` (`digit_value`),
  CONSTRAINT `products_propertiesv_prop_id_45598b2c_fk_products_` FOREIGN KEY (`prop_id`) REFERENCES `products_property` (`id`)
) ENGINE=InnoDB DEFAULT CHARSET=utf8;
/*!40101 SET character_set_client = @saved_cs_client */;

--
-- Dumping data for table `products_propertiesvalues`
--

LOCK TABLES `products_propertiesvalues` WRITE;
/*!40000 ALTER TABLE `products_propertiesvalues` DISABLE KEYS */;
/*!40000 ALTER TABLE `products_propertiesvalues` ENABLE KEYS */;
UNLOCK TABLES;

--
-- Table structure for table `products_property`
--

DROP TABLE IF EXISTS `products_property`;
/*!40101 SET @saved_cs_client     = @@character_set_client */;
/*!40101 SET character_set_client = utf8 */;
CREATE TABLE `products_property` (
  `id` int(11) NOT NULL AUTO_INCREMENT,
  `img` varchar(255) DEFAULT NULL,
  `created` datetime(6) NOT NULL,
  `updated` datetime(6) NOT NULL,
  `position` int(11) DEFAULT NULL,
  `is_active` tinyint(1) NOT NULL,
  `state` int(11) DEFAULT NULL,
  `parents` varchar(255) DEFAULT NULL,
  `name` varchar(255) DEFAULT NULL,
  `ptype` int(11) DEFAULT NULL,
  `code` varchar(255) DEFAULT NULL,
  PRIMARY KEY (`id`),
  KEY `products_property_img_d69874df` (`img`),
  KEY `products_property_created_357be73e` (`created`),
  KEY `products_property_updated_4d692374` (`updated`),
  KEY `products_property_position_5551b555` (`position`),
  KEY `products_property_is_active_c101d4e8` (`is_active`),
  KEY `products_property_state_b069dbb9` (`state`),
  KEY `products_property_parents_4f8d9c8c` (`parents`),
  KEY `products_property_name_5d6be2ec` (`name`),
  KEY `products_property_ptype_2dd430a0` (`ptype`),
  KEY `products_property_code_7453be39` (`code`)
) ENGINE=InnoDB DEFAULT CHARSET=utf8;
/*!40101 SET character_set_client = @saved_cs_client */;

--
-- Dumping data for table `products_property`
--

LOCK TABLES `products_property` WRITE;
/*!40000 ALTER TABLE `products_property` DISABLE KEYS */;
/*!40000 ALTER TABLE `products_property` ENABLE KEYS */;
UNLOCK TABLES;
/*!40103 SET TIME_ZONE=@OLD_TIME_ZONE */;

/*!40101 SET SQL_MODE=@OLD_SQL_MODE */;
/*!40014 SET FOREIGN_KEY_CHECKS=@OLD_FOREIGN_KEY_CHECKS */;
/*!40014 SET UNIQUE_CHECKS=@OLD_UNIQUE_CHECKS */;
/*!40101 SET CHARACTER_SET_CLIENT=@OLD_CHARACTER_SET_CLIENT */;
/*!40101 SET CHARACTER_SET_RESULTS=@OLD_CHARACTER_SET_RESULTS */;
/*!40101 SET COLLATION_CONNECTION=@OLD_COLLATION_CONNECTION */;
/*!40111 SET SQL_NOTES=@OLD_SQL_NOTES */;

-- Dump completed on 2020-05-04 16:52:31
